table_field,nonnull_count,schema,table,field
[Chemistry SampleInfo].SamplePtID,11430,dbo,[Chemistry SampleInfo],SamplePtID
[Chemistry SampleInfo].WCLab_ID,1293,dbo,[Chemistry SampleInfo],WCLab_ID
[Chemistry SampleInfo].SamplePointID,11430,dbo,[Chemistry SampleInfo],SamplePointID
[Chemistry SampleInfo].AnalysesAgency,5263,dbo,[Chemistry SampleInfo],AnalysesAgency
[Chemistry SampleInfo].StudySample,3014,dbo,[Chemistry SampleInfo],StudySample
[Chemistry SampleInfo].DataQuality,11430,dbo,[Chemistry SampleInfo],DataQuality
[Chemistry SampleInfo].SampleType,11408,dbo,[Chemistry SampleInfo],SampleType
[Chemistry SampleInfo].CollectionDate,11424,dbo,[Chemistry SampleInfo],CollectionDate
[Chemistry SampleInfo].CollectionMethod,9974,dbo,[Chemistry SampleInfo],CollectionMethod
[Chemistry SampleInfo].CollectedBy,10903,dbo,[Chemistry SampleInfo],CollectedBy
[Chemistry SampleInfo].WaterType,312,dbo,[Chemistry SampleInfo],WaterType
[Chemistry SampleInfo].SampleNotes,6052,dbo,[Chemistry SampleInfo],SampleNotes
[Chemistry SampleInfo].DataSource,10596,dbo,[Chemistry SampleInfo],DataSource
[Chemistry SampleInfo].SampleMaterialNotH2O,19,dbo,[Chemistry SampleInfo],SampleMaterialNotH2O
[Chemistry SampleInfo].OBJECTID,11430,dbo,[Chemistry SampleInfo],OBJECTID
[Chemistry SampleInfo].LocationId,11428,dbo,[Chemistry SampleInfo],LocationId
[Chemistry SampleInfo].AddedDaytoDate,11430,dbo,[Chemistry SampleInfo],AddedDaytoDate
[Chemistry SampleInfo].AddedMonthDaytoDate,11430,dbo,[Chemistry SampleInfo],AddedMonthDaytoDate
[Chemistry SampleInfo].PublicRelease,11430,dbo,[Chemistry SampleInfo],PublicRelease
[LU_Depth/CompletionSource].CODE,10,dbo,[LU_Depth/CompletionSource],CODE
[LU_Depth/CompletionSource].MEANING,10,dbo,[LU_Depth/CompletionSource],MEANING
[LU_Depth/CompletionSource].id,10,dbo,[LU_Depth/CompletionSource],id
[LU_Discharge/ChemistrySource].CODE,5,dbo,[LU_Discharge/ChemistrySource],CODE
[LU_Discharge/ChemistrySource].MEANING,5,dbo,[LU_Discharge/ChemistrySource],MEANING
[LU_Discharge/ChemistrySource].id,5,dbo,[LU_Discharge/ChemistrySource],id
abcwells.PointID,1066,dbo,abcwells,PointID
abcwells.HoleDepth,724,dbo,abcwells,HoleDepth
abcwells.WellDepth,873,dbo,abcwells,WellDepth
AllWQ_CrossTab_NDs_Working.OBJECTID,5670,dbo,AllWQ_CrossTab_NDs_Working,OBJECTID
AllWQ_CrossTab_NDs_Working.SamplePtID,5670,dbo,AllWQ_CrossTab_NDs_Working,SamplePtID
AllWQ_CrossTab_NDs_Working.PointID,5670,dbo,AllWQ_CrossTab_NDs_Working,PointID
AllWQ_CrossTab_NDs_Working.SiteNames,4280,dbo,AllWQ_CrossTab_NDs_Working,SiteNames
AllWQ_CrossTab_NDs_Working.Easting,5670,dbo,AllWQ_CrossTab_NDs_Working,Easting
AllWQ_CrossTab_NDs_Working.Northing,5670,dbo,AllWQ_CrossTab_NDs_Working,Northing
AllWQ_CrossTab_NDs_Working.DataReliability,5669,dbo,AllWQ_CrossTab_NDs_Working,DataReliability
AllWQ_CrossTab_NDs_Working.SamplePointID,5670,dbo,AllWQ_CrossTab_NDs_Working,SamplePointID
AllWQ_CrossTab_NDs_Working.StudySample,2791,dbo,AllWQ_CrossTab_NDs_Working,StudySample
AllWQ_CrossTab_NDs_Working.WaterType,205,dbo,AllWQ_CrossTab_NDs_Working,WaterType
AllWQ_CrossTab_NDs_Working.SampleType,5668,dbo,AllWQ_CrossTab_NDs_Working,SampleType
AllWQ_CrossTab_NDs_Working.Altitude,5651,dbo,AllWQ_CrossTab_NDs_Working,Altitude
AllWQ_CrossTab_NDs_Working.AquiferType,506,dbo,AllWQ_CrossTab_NDs_Working,AquiferType
AllWQ_CrossTab_NDs_Working.AqClass,376,dbo,AllWQ_CrossTab_NDs_Working,AqClass
AllWQ_CrossTab_NDs_Working.WellDepth,3564,dbo,AllWQ_CrossTab_NDs_Working,WellDepth
AllWQ_CrossTab_NDs_Working.FormationZone,3119,dbo,AllWQ_CrossTab_NDs_Working,FormationZone
AllWQ_CrossTab_NDs_Working.CollectionDate,5667,dbo,AllWQ_CrossTab_NDs_Working,CollectionDate
AllWQ_CrossTab_NDs_Working.SiteType,5670,dbo,AllWQ_CrossTab_NDs_Working,SiteType
AllWQ_CrossTab_NDs_Working.CountOfSamplePointID,5670,dbo,AllWQ_CrossTab_NDs_Working,CountOfSamplePointID
AllWQ_CrossTab_NDs_Working.CollectedBy,5507,dbo,AllWQ_CrossTab_NDs_Working,CollectedBy
AllWQ_CrossTab_NDs_Working.DataSource,5462,dbo,AllWQ_CrossTab_NDs_Working,DataSource
AllWQ_CrossTab_NDs_Working.DataQuality,5670,dbo,AllWQ_CrossTab_NDs_Working,DataQuality
AllWQ_CrossTab_NDs_Working.Ag,1423,dbo,AllWQ_CrossTab_NDs_Working,Ag
AllWQ_CrossTab_NDs_Working.Al,1972,dbo,AllWQ_CrossTab_NDs_Working,Al
AllWQ_CrossTab_NDs_Working.As,2210,dbo,AllWQ_CrossTab_NDs_Working,As
AllWQ_CrossTab_NDs_Working.B,1601,dbo,AllWQ_CrossTab_NDs_Working,B
AllWQ_CrossTab_NDs_Working.Ba,2003,dbo,AllWQ_CrossTab_NDs_Working,Ba
AllWQ_CrossTab_NDs_Working.Be,1255,dbo,AllWQ_CrossTab_NDs_Working,Be
AllWQ_CrossTab_NDs_Working.Br,1843,dbo,AllWQ_CrossTab_NDs_Working,Br
AllWQ_CrossTab_NDs_Working.Ca,3951,dbo,AllWQ_CrossTab_NDs_Working,Ca
AllWQ_CrossTab_NDs_Working.Cd,1660,dbo,AllWQ_CrossTab_NDs_Working,Cd
AllWQ_CrossTab_NDs_Working.Cl,4631,dbo,AllWQ_CrossTab_NDs_Working,Cl
AllWQ_CrossTab_NDs_Working.Co,1728,dbo,AllWQ_CrossTab_NDs_Working,Co
AllWQ_CrossTab_NDs_Working.CO3,1390,dbo,AllWQ_CrossTab_NDs_Working,CO3
AllWQ_CrossTab_NDs_Working.CONDLAB,3558,dbo,AllWQ_CrossTab_NDs_Working,CONDLAB
AllWQ_CrossTab_NDs_Working.Cr,2025,dbo,AllWQ_CrossTab_NDs_Working,Cr
AllWQ_CrossTab_NDs_Working.Cu,2165,dbo,AllWQ_CrossTab_NDs_Working,Cu
AllWQ_CrossTab_NDs_Working.F,3551,dbo,AllWQ_CrossTab_NDs_Working,F
AllWQ_CrossTab_NDs_Working.Fe,2596,dbo,AllWQ_CrossTab_NDs_Working,Fe
AllWQ_CrossTab_NDs_Working.HCO3,4053,dbo,AllWQ_CrossTab_NDs_Working,HCO3
AllWQ_CrossTab_NDs_Working.Hg,570,dbo,AllWQ_CrossTab_NDs_Working,Hg
AllWQ_CrossTab_NDs_Working.HRD,3170,dbo,AllWQ_CrossTab_NDs_Working,HRD
AllWQ_CrossTab_NDs_Working.IONBAL,1381,dbo,AllWQ_CrossTab_NDs_Working,IONBAL
AllWQ_CrossTab_NDs_Working.K,2553,dbo,AllWQ_CrossTab_NDs_Working,K
AllWQ_CrossTab_NDs_Working.Li,1660,dbo,AllWQ_CrossTab_NDs_Working,Li
AllWQ_CrossTab_NDs_Working.Mg,3943,dbo,AllWQ_CrossTab_NDs_Working,Mg
AllWQ_CrossTab_NDs_Working.Mn,2286,dbo,AllWQ_CrossTab_NDs_Working,Mn
AllWQ_CrossTab_NDs_Working.Mo,1883,dbo,AllWQ_CrossTab_NDs_Working,Mo
AllWQ_CrossTab_NDs_Working.Na,2650,dbo,AllWQ_CrossTab_NDs_Working,Na
AllWQ_CrossTab_NDs_Working.Ni,1526,dbo,AllWQ_CrossTab_NDs_Working,Ni
AllWQ_CrossTab_NDs_Working.NO2,1105,dbo,AllWQ_CrossTab_NDs_Working,NO2
AllWQ_CrossTab_NDs_Working.NO3,3178,dbo,AllWQ_CrossTab_NDs_Working,NO3
AllWQ_CrossTab_NDs_Working.Pb,2036,dbo,AllWQ_CrossTab_NDs_Working,Pb
AllWQ_CrossTab_NDs_Working.pHL,2571,dbo,AllWQ_CrossTab_NDs_Working,pHL
AllWQ_CrossTab_NDs_Working.Po4,1311,dbo,AllWQ_CrossTab_NDs_Working,Po4
AllWQ_CrossTab_NDs_Working.Sb,1216,dbo,AllWQ_CrossTab_NDs_Working,Sb
AllWQ_CrossTab_NDs_Working.Se,1836,dbo,AllWQ_CrossTab_NDs_Working,Se
AllWQ_CrossTab_NDs_Working.Si,963,dbo,AllWQ_CrossTab_NDs_Working,Si
AllWQ_CrossTab_NDs_Working.SiO2,2739,dbo,AllWQ_CrossTab_NDs_Working,SiO2
AllWQ_CrossTab_NDs_Working.Sn,903,dbo,AllWQ_CrossTab_NDs_Working,Sn
AllWQ_CrossTab_NDs_Working.SO4,4336,dbo,AllWQ_CrossTab_NDs_Working,SO4
AllWQ_CrossTab_NDs_Working.Sr,1725,dbo,AllWQ_CrossTab_NDs_Working,Sr
AllWQ_CrossTab_NDs_Working.TAn,1116,dbo,AllWQ_CrossTab_NDs_Working,TAn
AllWQ_CrossTab_NDs_Working.TCat,1115,dbo,AllWQ_CrossTab_NDs_Working,TCat
AllWQ_CrossTab_NDs_Working.TDS,3345,dbo,AllWQ_CrossTab_NDs_Working,TDS
AllWQ_CrossTab_NDs_Working.Th,1181,dbo,AllWQ_CrossTab_NDs_Working,Th
AllWQ_CrossTab_NDs_Working.Ti,939,dbo,AllWQ_CrossTab_NDs_Working,Ti
AllWQ_CrossTab_NDs_Working.Tl,1212,dbo,AllWQ_CrossTab_NDs_Working,Tl
AllWQ_CrossTab_NDs_Working.U,1706,dbo,AllWQ_CrossTab_NDs_Working,U
AllWQ_CrossTab_NDs_Working.V,1757,dbo,AllWQ_CrossTab_NDs_Working,V
AllWQ_CrossTab_NDs_Working.Zn,2090,dbo,AllWQ_CrossTab_NDs_Working,Zn
AllWQ_CrossTab_NDs_Working_bak.OBJECTID,5559,dbo,AllWQ_CrossTab_NDs_Working_bak,OBJECTID
AllWQ_CrossTab_NDs_Working_bak.SamplePtID,5559,dbo,AllWQ_CrossTab_NDs_Working_bak,SamplePtID
AllWQ_CrossTab_NDs_Working_bak.PointID,5559,dbo,AllWQ_CrossTab_NDs_Working_bak,PointID
AllWQ_CrossTab_NDs_Working_bak.SiteNames,4170,dbo,AllWQ_CrossTab_NDs_Working_bak,SiteNames
AllWQ_CrossTab_NDs_Working_bak.Easting,5559,dbo,AllWQ_CrossTab_NDs_Working_bak,Easting
AllWQ_CrossTab_NDs_Working_bak.Northing,5559,dbo,AllWQ_CrossTab_NDs_Working_bak,Northing
AllWQ_CrossTab_NDs_Working_bak.DataReliability,5559,dbo,AllWQ_CrossTab_NDs_Working_bak,DataReliability
AllWQ_CrossTab_NDs_Working_bak.SamplePointID,5559,dbo,AllWQ_CrossTab_NDs_Working_bak,SamplePointID
AllWQ_CrossTab_NDs_Working_bak.StudySample,2739,dbo,AllWQ_CrossTab_NDs_Working_bak,StudySample
AllWQ_CrossTab_NDs_Working_bak.WaterType,205,dbo,AllWQ_CrossTab_NDs_Working_bak,WaterType
AllWQ_CrossTab_NDs_Working_bak.SampleType,5558,dbo,AllWQ_CrossTab_NDs_Working_bak,SampleType
AllWQ_CrossTab_NDs_Working_bak.Altitude,5557,dbo,AllWQ_CrossTab_NDs_Working_bak,Altitude
AllWQ_CrossTab_NDs_Working_bak.AquiferType,500,dbo,AllWQ_CrossTab_NDs_Working_bak,AquiferType
AllWQ_CrossTab_NDs_Working_bak.AqClass,376,dbo,AllWQ_CrossTab_NDs_Working_bak,AqClass
AllWQ_CrossTab_NDs_Working_bak.WellDepth,3472,dbo,AllWQ_CrossTab_NDs_Working_bak,WellDepth
AllWQ_CrossTab_NDs_Working_bak.FormationZone,3003,dbo,AllWQ_CrossTab_NDs_Working_bak,FormationZone
AllWQ_CrossTab_NDs_Working_bak.CollectionDate,5559,dbo,AllWQ_CrossTab_NDs_Working_bak,CollectionDate
AllWQ_CrossTab_NDs_Working_bak.SiteType,5559,dbo,AllWQ_CrossTab_NDs_Working_bak,SiteType
AllWQ_CrossTab_NDs_Working_bak.CountOfSamplePointID,5559,dbo,AllWQ_CrossTab_NDs_Working_bak,CountOfSamplePointID
AllWQ_CrossTab_NDs_Working_bak.CollectedBy,5434,dbo,AllWQ_CrossTab_NDs_Working_bak,CollectedBy
AllWQ_CrossTab_NDs_Working_bak.DataSource,5352,dbo,AllWQ_CrossTab_NDs_Working_bak,DataSource
AllWQ_CrossTab_NDs_Working_bak.DataQuality,5559,dbo,AllWQ_CrossTab_NDs_Working_bak,DataQuality
AllWQ_CrossTab_NDs_Working_bak.OH,1,dbo,AllWQ_CrossTab_NDs_Working_bak,OH
AllWQ_CrossTab_NDs_Working_bak.Mg_Total,421,dbo,AllWQ_CrossTab_NDs_Working_bak,Mg_Total
AllWQ_CrossTab_NDs_Working_bak.C14_corrected,3,dbo,AllWQ_CrossTab_NDs_Working_bak,C14_corrected
AllWQ_CrossTab_NDs_Working_bak.H2r,1980,dbo,AllWQ_CrossTab_NDs_Working_bak,H2r
AllWQ_CrossTab_NDs_Working_bak.F,3481,dbo,AllWQ_CrossTab_NDs_Working_bak,F
AllWQ_CrossTab_NDs_Working_bak.CFC113_12,50,dbo,AllWQ_CrossTab_NDs_Working_bak,CFC113_12
AllWQ_CrossTab_NDs_Working_bak.O18r,1999,dbo,AllWQ_CrossTab_NDs_Working_bak,O18r
AllWQ_CrossTab_NDs_Working_bak.TKN,24,dbo,AllWQ_CrossTab_NDs_Working_bak,TKN
AllWQ_CrossTab_NDs_Working_bak.Cr_Total,446,dbo,AllWQ_CrossTab_NDs_Working_bak,Cr_Total
AllWQ_CrossTab_NDs_Working_bak.Mn_Total,482,dbo,AllWQ_CrossTab_NDs_Working_bak,Mn_Total
AllWQ_CrossTab_NDs_Working_bak.PO4,1296,dbo,AllWQ_CrossTab_NDs_Working_bak,PO4
AllWQ_CrossTab_NDs_Working_bak.CFC11,71,dbo,AllWQ_CrossTab_NDs_Working_bak,CFC11
AllWQ_CrossTab_NDs_Working_bak.IONBAL,1324,dbo,AllWQ_CrossTab_NDs_Working_bak,IONBAL
AllWQ_CrossTab_NDs_Working_bak.C14,473,dbo,AllWQ_CrossTab_NDs_Working_bak,C14
AllWQ_CrossTab_NDs_Working_bak.Si,949,dbo,AllWQ_CrossTab_NDs_Working_bak,Si
AllWQ_CrossTab_NDs_Working_bak.C13r,496,dbo,AllWQ_CrossTab_NDs_Working_bak,C13r
AllWQ_CrossTab_NDs_Working_bak.Mo,1826,dbo,AllWQ_CrossTab_NDs_Working_bak,Mo
AllWQ_CrossTab_NDs_Working_bak.Ca,3868,dbo,AllWQ_CrossTab_NDs_Working_bak,Ca
AllWQ_CrossTab_NDs_Working_bak.Ra226,44,dbo,AllWQ_CrossTab_NDs_Working_bak,Ra226
AllWQ_CrossTab_NDs_Working_bak.CF,1948,dbo,AllWQ_CrossTab_NDs_Working_bak,CF
AllWQ_CrossTab_NDs_Working_bak.Mn,2215,dbo,AllWQ_CrossTab_NDs_Working_bak,Mn
AllWQ_CrossTab_NDs_Working_bak.NaPlusK,1417,dbo,AllWQ_CrossTab_NDs_Working_bak,NaPlusK
AllWQ_CrossTab_NDs_Working_bak.AsIII,2,dbo,AllWQ_CrossTab_NDs_Working_bak,AsIII
AllWQ_CrossTab_NDs_Working_bak.H2S,12,dbo,AllWQ_CrossTab_NDs_Working_bak,H2S
AllWQ_CrossTab_NDs_Working_bak.Cu,2099,dbo,AllWQ_CrossTab_NDs_Working_bak,Cu
AllWQ_CrossTab_NDs_Working_bak.Ca_Total,421,dbo,AllWQ_CrossTab_NDs_Working_bak,Ca_Total
AllWQ_CrossTab_NDs_Working_bak.DO,1682,dbo,AllWQ_CrossTab_NDs_Working_bak,DO
AllWQ_CrossTab_NDs_Working_bak.Sn_Total,178,dbo,AllWQ_CrossTab_NDs_Working_bak,Sn_Total
AllWQ_CrossTab_NDs_Working_bak.TDS,3270,dbo,AllWQ_CrossTab_NDs_Working_bak,TDS
AllWQ_CrossTab_NDs_Working_bak.CN6,40,dbo,AllWQ_CrossTab_NDs_Working_bak,CN6
AllWQ_CrossTab_NDs_Working_bak.Fe_Total,482,dbo,AllWQ_CrossTab_NDs_Working_bak,Fe_Total
AllWQ_CrossTab_NDs_Working_bak.U235,1,dbo,AllWQ_CrossTab_NDs_Working_bak,U235
AllWQ_CrossTab_NDs_Working_bak.NO3,3140,dbo,AllWQ_CrossTab_NDs_Working_bak,NO3
AllWQ_CrossTab_NDs_Working_bak.Br,1792,dbo,AllWQ_CrossTab_NDs_Working_bak,Br
AllWQ_CrossTab_NDs_Working_bak.U,1655,dbo,AllWQ_CrossTab_NDs_Working_bak,U
AllWQ_CrossTab_NDs_Working_bak.NH4,0,dbo,AllWQ_CrossTab_NDs_Working_bak,NH4
AllWQ_CrossTab_NDs_Working_bak.Sr_Total,178,dbo,AllWQ_CrossTab_NDs_Working_bak,Sr_Total
AllWQ_CrossTab_NDs_Working_bak.Sr90,6,dbo,AllWQ_CrossTab_NDs_Working_bak,Sr90
AllWQ_CrossTab_NDs_Working_bak.Cd_Total,447,dbo,AllWQ_CrossTab_NDs_Working_bak,Cd_Total
AllWQ_CrossTab_NDs_Working_bak.Ni_Total,447,dbo,AllWQ_CrossTab_NDs_Working_bak,Ni_Total
AllWQ_CrossTab_NDs_Working_bak.Sb_Total,447,dbo,AllWQ_CrossTab_NDs_Working_bak,Sb_Total
AllWQ_CrossTab_NDs_Working_bak.Th,1166,dbo,AllWQ_CrossTab_NDs_Working_bak,Th
AllWQ_CrossTab_NDs_Working_bak.HRD,3133,dbo,AllWQ_CrossTab_NDs_Working_bak,HRD
AllWQ_CrossTab_NDs_Working_bak.Mo_Total,447,dbo,AllWQ_CrossTab_NDs_Working_bak,Mo_Total
AllWQ_CrossTab_NDs_Working_bak.AsV,2,dbo,AllWQ_CrossTab_NDs_Working_bak,AsV
AllWQ_CrossTab_NDs_Working_bak.Sb,1202,dbo,AllWQ_CrossTab_NDs_Working_bak,Sb
AllWQ_CrossTab_NDs_Working_bak.Al,1915,dbo,AllWQ_CrossTab_NDs_Working_bak,Al
AllWQ_CrossTab_NDs_Working_bak.CFC12,123,dbo,AllWQ_CrossTab_NDs_Working_bak,CFC12
AllWQ_CrossTab_NDs_Working_bak.Arsenic,2139,dbo,AllWQ_CrossTab_NDs_Working_bak,Arsenic
AllWQ_CrossTab_NDs_Working_bak.SiO2,2675,dbo,AllWQ_CrossTab_NDs_Working_bak,SiO2
AllWQ_CrossTab_NDs_Working_bak.Ag_Total,447,dbo,AllWQ_CrossTab_NDs_Working_bak,Ag_Total
AllWQ_CrossTab_NDs_Working_bak.Hg,570,dbo,AllWQ_CrossTab_NDs_Working_bak,Hg
AllWQ_CrossTab_NDs_Working_bak.Se_Total,447,dbo,AllWQ_CrossTab_NDs_Working_bak,Se_Total
AllWQ_CrossTab_NDs_Working_bak.ORP,702,dbo,AllWQ_CrossTab_NDs_Working_bak,ORP
AllWQ_CrossTab_NDs_Working_bak.ALK,1000,dbo,AllWQ_CrossTab_NDs_Working_bak,ALK
AllWQ_CrossTab_NDs_Working_bak.Zn_Total,447,dbo,AllWQ_CrossTab_NDs_Working_bak,Zn_Total
AllWQ_CrossTab_NDs_Working_bak.TritiumHeliumAge,73,dbo,AllWQ_CrossTab_NDs_Working_bak,TritiumHeliumAge
AllWQ_CrossTab_NDs_Working_bak.Ni,1511,dbo,AllWQ_CrossTab_NDs_Working_bak,Ni
AllWQ_CrossTab_NDs_Working_bak.GA,58,dbo,AllWQ_CrossTab_NDs_Working_bak,GA
AllWQ_CrossTab_NDs_Working_bak.C14_years,454,dbo,AllWQ_CrossTab_NDs_Working_bak,C14_years
AllWQ_CrossTab_NDs_Working_bak.pHL,2493,dbo,AllWQ_CrossTab_NDs_Working_bak,pHL
AllWQ_CrossTab_NDs_Working_bak.Sn,892,dbo,AllWQ_CrossTab_NDs_Working_bak,Sn
AllWQ_CrossTab_NDs_Working_bak.U238,1,dbo,AllWQ_CrossTab_NDs_Working_bak,U238
AllWQ_CrossTab_NDs_Working_bak.Zn,2025,dbo,AllWQ_CrossTab_NDs_Working_bak,Zn
AllWQ_CrossTab_NDs_Working_bak.Sr87Sr86Ratio,15,dbo,AllWQ_CrossTab_NDs_Working_bak,Sr87Sr86Ratio
AllWQ_CrossTab_NDs_Working_bak.Mg,3860,dbo,AllWQ_CrossTab_NDs_Working_bak,Mg
AllWQ_CrossTab_NDs_Working_bak.NO3_N,455,dbo,AllWQ_CrossTab_NDs_Working_bak,NO3_N
AllWQ_CrossTab_NDs_Working_bak.TN,5,dbo,AllWQ_CrossTab_NDs_Working_bak,TN
AllWQ_CrossTab_NDs_Working_bak.NO2,1091,dbo,AllWQ_CrossTab_NDs_Working_bak,NO2
AllWQ_CrossTab_NDs_Working_bak.Rn,1,dbo,AllWQ_CrossTab_NDs_Working_bak,Rn
AllWQ_CrossTab_NDs_Working_bak.d18O_SO4,17,dbo,AllWQ_CrossTab_NDs_Working_bak,d18O_SO4
AllWQ_CrossTab_NDs_Working_bak.Tritium,557,dbo,AllWQ_CrossTab_NDs_Working_bak,Tritium
AllWQ_CrossTab_NDs_Working_bak.Na,2579,dbo,AllWQ_CrossTab_NDs_Working_bak,Na
AllWQ_CrossTab_NDs_Working_bak.As_Total,447,dbo,AllWQ_CrossTab_NDs_Working_bak,As_Total
AllWQ_CrossTab_NDs_Working_bak.B,1549,dbo,AllWQ_CrossTab_NDs_Working_bak,B
AllWQ_CrossTab_NDs_Working_bak.CONDLAB,3472,dbo,AllWQ_CrossTab_NDs_Working_bak,CONDLAB
AllWQ_CrossTab_NDs_Working_bak.NO2_N,43,dbo,AllWQ_CrossTab_NDs_Working_bak,NO2_N
AllWQ_CrossTab_NDs_Working_bak.Sr,1674,dbo,AllWQ_CrossTab_NDs_Working_bak,Sr
AllWQ_CrossTab_NDs_Working_bak.CFC113,128,dbo,AllWQ_CrossTab_NDs_Working_bak,CFC113
AllWQ_CrossTab_NDs_Working_bak.V_Total,447,dbo,AllWQ_CrossTab_NDs_Working_bak,V_Total
AllWQ_CrossTab_NDs_Working_bak.TAn,1059,dbo,AllWQ_CrossTab_NDs_Working_bak,TAn
AllWQ_CrossTab_NDs_Working_bak.V,1706,dbo,AllWQ_CrossTab_NDs_Working_bak,V
AllWQ_CrossTab_NDs_Working_bak.U233,1,dbo,AllWQ_CrossTab_NDs_Working_bak,U233
AllWQ_CrossTab_NDs_Working_bak.pHf,1871,dbo,AllWQ_CrossTab_NDs_Working_bak,pHf
AllWQ_CrossTab_NDs_Working_bak.SO4,0,dbo,AllWQ_CrossTab_NDs_Working_bak,SO4
AR_Distances.ID,122,dbo,AR_Distances,ID
AR_Distances.RiverDistance,82,dbo,AR_Distances,RiverDistance
AR_Distances.COBorderDistance,82,dbo,AR_Distances,COBorderDistance
AR_Distances.LocationID,122,dbo,AR_Distances,LocationID
AR_Distances.SSMA_TimeStamp,122,dbo,AR_Distances,SSMA_TimeStamp
AR_Distances.DitchDistance,122,dbo,AR_Distances,DitchDistance
AR_Distances.PointID,122,dbo,AR_Distances,PointID
AssocDataPhotos.AssocID,0,dbo,AssocDataPhotos,AssocID
AssocDataPhotos.PointID,0,dbo,AssocDataPhotos,PointID
AssocDataPhotos.OLEPath,0,dbo,AssocDataPhotos,OLEPath
AssocDataPhotos.OBJECTID,0,dbo,AssocDataPhotos,OBJECTID
AssocDataPhotos.GlobalID,0,dbo,AssocDataPhotos,GlobalID
AssociatedData.LocationId,0,dbo,AssociatedData,LocationId
AssociatedData.PointID,0,dbo,AssociatedData,PointID
AssociatedData.AssocID,0,dbo,AssociatedData,AssocID
AssociatedData.Notes,0,dbo,AssociatedData,Notes
AssociatedData.Formation,0,dbo,AssociatedData,Formation
AssociatedData.OBJECTID,0,dbo,AssociatedData,OBJECTID
BCWLs2019.ID,0,dbo,BCWLs2019,ID
BCWLs2019.MeasureMethod,0,dbo,BCWLs2019,MeasureMethod
BCWLs2019.Well IDKey,0,dbo,BCWLs2019,Well IDKey
BCWLs2019.Well Name,0,dbo,BCWLs2019,Well Name
BCWLs2019.Status,0,dbo,BCWLs2019,Status
BCWLs2019.MeasureDate,0,dbo,BCWLs2019,MeasureDate
BCWLs2019.BTW_bgs,0,dbo,BCWLs2019,BTW_bgs
BCWLs2019.PointID,0,dbo,BCWLs2019,PointID
BCWLs2019.Source,0,dbo,BCWLs2019,Source
BCWLs2019.Agency,0,dbo,BCWLs2019,Agency
BCWLs2019.Notes,0,dbo,BCWLs2019,Notes
BCWLs2019.PR,0,dbo,BCWLs2019,PR
BCWLs2019.MPhgt,0,dbo,BCWLs2019,MPhgt
Chemistry SampleInfo.SamplePtID,11442,dbo,Chemistry SampleInfo,SamplePtID
Chemistry SampleInfo.WCLab_ID,1292,dbo,Chemistry SampleInfo,WCLab_ID
Chemistry SampleInfo.SamplePointID,11442,dbo,Chemistry SampleInfo,SamplePointID
Chemistry SampleInfo.AnalysesAgency,5277,dbo,Chemistry SampleInfo,AnalysesAgency
Chemistry SampleInfo.StudySample,3029,dbo,Chemistry SampleInfo,StudySample
Chemistry SampleInfo.DataQuality,11442,dbo,Chemistry SampleInfo,DataQuality
Chemistry SampleInfo.SampleType,11420,dbo,Chemistry SampleInfo,SampleType
Chemistry SampleInfo.CollectionDate,11435,dbo,Chemistry SampleInfo,CollectionDate
Chemistry SampleInfo.CollectionMethod,9985,dbo,Chemistry SampleInfo,CollectionMethod
Chemistry SampleInfo.CollectedBy,10915,dbo,Chemistry SampleInfo,CollectedBy
Chemistry SampleInfo.WaterType,312,dbo,Chemistry SampleInfo,WaterType
Chemistry SampleInfo.SampleNotes,9163,dbo,Chemistry SampleInfo,SampleNotes
Chemistry SampleInfo.DataSource,10595,dbo,Chemistry SampleInfo,DataSource
Chemistry SampleInfo.SampleMaterialNotH2O,19,dbo,Chemistry SampleInfo,SampleMaterialNotH2O
Chemistry SampleInfo.OBJECTID,11442,dbo,Chemistry SampleInfo,OBJECTID
Chemistry SampleInfo.LocationId,11440,dbo,Chemistry SampleInfo,LocationId
Chemistry SampleInfo.AddedDaytoDate,11442,dbo,Chemistry SampleInfo,AddedDaytoDate
Chemistry SampleInfo.AddedMonthDaytoDate,11442,dbo,Chemistry SampleInfo,AddedMonthDaytoDate
Chemistry SampleInfo.SSMA_TimeStamp,11442,dbo,Chemistry SampleInfo,SSMA_TimeStamp
Chemistry SampleInfo.PublicRelease,6240,dbo,Chemistry SampleInfo,PublicRelease
DatatypeWPointid.LocationId,0,dbo,DatatypeWPointid,LocationId
DatatypeWPointid.PointID,0,dbo,DatatypeWPointid,PointID
DatatypeWPointid.DataType,0,dbo,DatatypeWPointid,DataType
Equipment.LocationId,1051,dbo,Equipment,LocationId
Equipment.PointID,1051,dbo,Equipment,PointID
Equipment.ID,1051,dbo,Equipment,ID
Equipment.EquipmentType,1051,dbo,Equipment,EquipmentType
Equipment.DateInstalled,1026,dbo,Equipment,DateInstalled
Equipment.DateRemoved,750,dbo,Equipment,DateRemoved
Equipment.SerialNo,981,dbo,Equipment,SerialNo
Equipment.Model,930,dbo,Equipment,Model
Equipment.HangingCableLength,1051,dbo,Equipment,HangingCableLength
Equipment.HangingPointDescription,628,dbo,Equipment,HangingPointDescription
Equipment.HangingPointHgt,1051,dbo,Equipment,HangingPointHgt
Equipment.RecordingInterval,739,dbo,Equipment,RecordingInterval
Equipment.Equipment Notes,736,dbo,Equipment,Equipment Notes
Equipment.NMTProperty,1051,dbo,Equipment,NMTProperty
Equipment.GlobalID,1051,dbo,Equipment,GlobalID
Equipment.SSMA_TimeStamp,1051,dbo,Equipment,SSMA_TimeStamp
Equipment.WI_MinSoundDepth,199,dbo,Equipment,WI_MinSoundDepth
Equipment.WI_StartFrequency,195,dbo,Equipment,WI_StartFrequency
Equipment.WI_EndFrequency,195,dbo,Equipment,WI_EndFrequency
Equipment.WI_Duration,1051,dbo,Equipment,WI_Duration
Equipment.WI_Magnitude,195,dbo,Equipment,WI_Magnitude
Equipment.WI_MicGain,403,dbo,Equipment,WI_MicGain
FieldNotesScans.LocationId,0,dbo,FieldNotesScans,LocationId
FieldNotesScans.PointID,0,dbo,FieldNotesScans,PointID
FieldNotesScans.NoteType_id,0,dbo,FieldNotesScans,NoteType_id
FieldNotesScans.OLEPath,0,dbo,FieldNotesScans,OLEPath
FieldNotesScans.OBJECTID,0,dbo,FieldNotesScans,OBJECTID
FieldNotesScans.GlobalID,0,dbo,FieldNotesScans,GlobalID
FieldParameters.SamplePtID,13934,dbo,FieldParameters,SamplePtID
FieldParameters.SamplePointID,13934,dbo,FieldParameters,SamplePointID
FieldParameters.FieldParameter,13931,dbo,FieldParameters,FieldParameter
FieldParameters.SampleValue,13934,dbo,FieldParameters,SampleValue
FieldParameters.Units,13927,dbo,FieldParameters,Units
FieldParameters.Notes,81,dbo,FieldParameters,Notes
FieldParameters.OBJECTID,13934,dbo,FieldParameters,OBJECTID
FieldParameters.GlobalID,13934,dbo,FieldParameters,GlobalID
FieldParameters.AnalysesAgency,25,dbo,FieldParameters,AnalysesAgency
FieldParameters.WCLab_ID,0,dbo,FieldParameters,WCLab_ID
FieldParameters.SSMA_TimeStamp,13934,dbo,FieldParameters,SSMA_TimeStamp
GDB_ColumnInfo.TableName,0,dbo,GDB_ColumnInfo,TableName
GDB_ColumnInfo.FieldName,0,dbo,GDB_ColumnInfo,FieldName
GDB_ColumnInfo.columnFlags,0,dbo,GDB_ColumnInfo,columnFlags
GROUNDWATER_LEVELS.OBJECTID,0,dbo,GROUNDWATER_LEVELS,OBJECTID
GROUNDWATER_LEVELS.PointID,0,dbo,GROUNDWATER_LEVELS,PointID
GROUNDWATER_LEVELS.DataReliability,0,dbo,GROUNDWATER_LEVELS,DataReliability
GROUNDWATER_LEVELS.Easting,0,dbo,GROUNDWATER_LEVELS,Easting
GROUNDWATER_LEVELS.Northing,0,dbo,GROUNDWATER_LEVELS,Northing
GROUNDWATER_LEVELS.Altitude,0,dbo,GROUNDWATER_LEVELS,Altitude
GROUNDWATER_LEVELS.HoleDepth,0,dbo,GROUNDWATER_LEVELS,HoleDepth
GROUNDWATER_LEVELS.WellDepth,0,dbo,GROUNDWATER_LEVELS,WellDepth
GROUNDWATER_LEVELS.StaticWater,0,dbo,GROUNDWATER_LEVELS,StaticWater
GROUNDWATER_LEVELS.CasingDiameter,0,dbo,GROUNDWATER_LEVELS,CasingDiameter
GROUNDWATER_LEVELS.FormationZone,0,dbo,GROUNDWATER_LEVELS,FormationZone
GROUNDWATER_LEVELS.MinOfScreenTop,0,dbo,GROUNDWATER_LEVELS,MinOfScreenTop
GROUNDWATER_LEVELS.MaxOfScreenBottom,0,dbo,GROUNDWATER_LEVELS,MaxOfScreenBottom
GROUNDWATER_LEVELS.DateMeasued,0,dbo,GROUNDWATER_LEVELS,DateMeasued
GROUNDWATER_LEVELS.DepthToWaterBGS,0,dbo,GROUNDWATER_LEVELS,DepthToWaterBGS
GROUNDWATER_LEVELS.MeasurementMethod,0,dbo,GROUNDWATER_LEVELS,MeasurementMethod
GROUNDWATER_LEVELS.LevelStatus,0,dbo,GROUNDWATER_LEVELS,LevelStatus
GROUNDWATER_LEVELS.MeasuringAgency,0,dbo,GROUNDWATER_LEVELS,MeasuringAgency
GROUNDWATER_LEVELS.Shape,0,dbo,GROUNDWATER_LEVELS,Shape
HydraulicsData.WellID,0,dbo,HydraulicsData,WellID
HydraulicsData.PointID,0,dbo,HydraulicsData,PointID
HydraulicsData.HydraulicUnit,0,dbo,HydraulicsData,HydraulicUnit
HydraulicsData.TestTop,0,dbo,HydraulicsData,TestTop
HydraulicsData.TestBottom,0,dbo,HydraulicsData,TestBottom
HydraulicsData.HydraulicUnitType,0,dbo,HydraulicsData,HydraulicUnitType
HydraulicsData.Hydraulic Remarks,0,dbo,HydraulicsData,Hydraulic Remarks
HydraulicsData.T (ft2/d),0,dbo,HydraulicsData,T (ft2/d)
HydraulicsData.S (dimensionless),0,dbo,HydraulicsData,S (dimensionless)
HydraulicsData.Ss (ft-1),0,dbo,HydraulicsData,Ss (ft-1)
HydraulicsData.Sy (decimalfractn),0,dbo,HydraulicsData,Sy (decimalfractn)
HydraulicsData.KH (ft/d),0,dbo,HydraulicsData,KH (ft/d)
HydraulicsData.KV (ft/d),0,dbo,HydraulicsData,KV (ft/d)
HydraulicsData.HL (day-1),0,dbo,HydraulicsData,HL (day-1)
HydraulicsData.HD (ft2/d),0,dbo,HydraulicsData,HD (ft2/d)
HydraulicsData.Cs (gal/d/ft),0,dbo,HydraulicsData,Cs (gal/d/ft)
HydraulicsData.P (decimal fraction),0,dbo,HydraulicsData,P (decimal fraction)
HydraulicsData.k (darcy),0,dbo,HydraulicsData,k (darcy)
HydraulicsData.Data Source,0,dbo,HydraulicsData,Data Source
HydraulicsData.OBJECTID,0,dbo,HydraulicsData,OBJECTID
HydraulicsData.GlobalID,0,dbo,HydraulicsData,GlobalID
HydraulicsData.SSMA_TimeStamp,0,dbo,HydraulicsData,SSMA_TimeStamp
Location.LocationId,39783,dbo,Location,LocationId
Location.DateCreated,39783,dbo,Location,DateCreated
Location.PointID,39783,dbo,Location,PointID
Location.SiteNames,36381,dbo,Location,SiteNames
Location.SiteID,28578,dbo,Location,SiteID
Location.AlternateSiteID,7716,dbo,Location,AlternateSiteID
Location.AlternateSiteID2,82,dbo,Location,AlternateSiteID2
Location.SiteDate,3638,dbo,Location,SiteDate
Location.DataReliability,39722,dbo,Location,DataReliability
Location.Confidential,39783,dbo,Location,Confidential
Location.SiteType,39783,dbo,Location,SiteType
Location.WL_Continuous,39783,dbo,Location,WL_Continuous
Location.WL_Intermittent,39783,dbo,Location,WL_Intermittent
Location.WaterQuality,39783,dbo,Location,WaterQuality
Location.WaterFlow,39783,dbo,Location,WaterFlow
Location.Hydraulic,39783,dbo,Location,Hydraulic
Location.Subsurface,39783,dbo,Location,Subsurface
Location.WellorSpgNoData,39783,dbo,Location,WellorSpgNoData
Location.SubsurfaceType,281,dbo,Location,SubsurfaceType
Location.Easting,39755,dbo,Location,Easting
Location.Northing,39755,dbo,Location,Northing
Location.UTMDatum,39783,dbo,Location,UTMDatum
Location.CoordinateNotes,38977,dbo,Location,CoordinateNotes
Location.Altitude,39748,dbo,Location,Altitude
Location.AltitudeAccuracy,26129,dbo,Location,AltitudeAccuracy
Location.AltitudeMethod,39706,dbo,Location,AltitudeMethod
Location.AltDatum,34733,dbo,Location,AltDatum
Location.Latitude,5383,dbo,Location,Latitude
Location.Longitude,5383,dbo,Location,Longitude
Location.LatLonDatum,39783,dbo,Location,LatLonDatum
Location.CoordinateAccuracy,29573,dbo,Location,CoordinateAccuracy
Location.CoordinateMethod,38898,dbo,Location,CoordinateMethod
Location.Township,11218,dbo,Location,Township
Location.TownshipDirection,11257,dbo,Location,TownshipDirection
Location.Range,11218,dbo,Location,Range
Location.RangeDirection,11257,dbo,Location,RangeDirection
Location.SectionQuarters,10890,dbo,Location,SectionQuarters
Location.SPX,27,dbo,Location,SPX
Location.SPY,27,dbo,Location,SPY
Location.QuadName,37954,dbo,Location,QuadName
Location.County,39380,dbo,Location,County
Location.State,39783,dbo,Location,State
Location.LocationNotes,4909,dbo,Location,LocationNotes
Location.WLReportDeliver,715,dbo,Location,WLReportDeliver
Location.ChemistryReportDeliver,441,dbo,Location,ChemistryReportDeliver
Location.WLReportNote,768,dbo,Location,WLReportNote
Location.ChemistryReportNote,920,dbo,Location,ChemistryReportNote
Location.X_NAD83_Zone12,39783,dbo,Location,X_NAD83_Zone12
Location.Y_NAD83_Zone12,39783,dbo,Location,Y_NAD83_Zone12
Location.projectname,3017,dbo,Location,projectname
Location.USGSProjectID,21063,dbo,Location,USGSProjectID
Location.ObjectID,39783,dbo,Location,ObjectID
Location.LatitudeDD,29661,dbo,Location,LatitudeDD
Location.LongitudeDD,29661,dbo,Location,LongitudeDD
Location.SSMA_TimeStamp,39783,dbo,Location,SSMA_TimeStamp
Location.PublicRelease,39783,dbo,Location,PublicRelease
Location.Geometry,39755,dbo,Location,Geometry
Location.UTMZone,39783,dbo,Location,UTMZone
Location_backup.LocationId,0,dbo,Location_backup,LocationId
Location_backup.DateCreated,0,dbo,Location_backup,DateCreated
Location_backup.PointID,0,dbo,Location_backup,PointID
Location_backup.SiteNames,0,dbo,Location_backup,SiteNames
Location_backup.SiteID,0,dbo,Location_backup,SiteID
Location_backup.AlternateSiteID,0,dbo,Location_backup,AlternateSiteID
Location_backup.SiteDate,0,dbo,Location_backup,SiteDate
Location_backup.DataReliability,0,dbo,Location_backup,DataReliability
Location_backup.Confidential,0,dbo,Location_backup,Confidential
Location_backup.SiteType,0,dbo,Location_backup,SiteType
Location_backup.WL_Continuous,0,dbo,Location_backup,WL_Continuous
Location_backup.WL_Intermittent,0,dbo,Location_backup,WL_Intermittent
Location_backup.WaterQuality,0,dbo,Location_backup,WaterQuality
Location_backup.WaterFlow,0,dbo,Location_backup,WaterFlow
Location_backup.Hydraulic,0,dbo,Location_backup,Hydraulic
Location_backup.Subsurface,0,dbo,Location_backup,Subsurface
Location_backup.WellorSpgNoData,0,dbo,Location_backup,WellorSpgNoData
Location_backup.SubsurfaceType,0,dbo,Location_backup,SubsurfaceType
Location_backup.Easting,0,dbo,Location_backup,Easting
Location_backup.Northing,0,dbo,Location_backup,Northing
Location_backup.UTMDatum,0,dbo,Location_backup,UTMDatum
Location_backup.CoordinateNotes,0,dbo,Location_backup,CoordinateNotes
Location_backup.Altitude,0,dbo,Location_backup,Altitude
Location_backup.AltitudeAccuracy,0,dbo,Location_backup,AltitudeAccuracy
Location_backup.AltitudeMethod,0,dbo,Location_backup,AltitudeMethod
Location_backup.AltDatum,0,dbo,Location_backup,AltDatum
Location_backup.Latitude,0,dbo,Location_backup,Latitude
Location_backup.Longitude,0,dbo,Location_backup,Longitude
Location_backup.LatLonDatum,0,dbo,Location_backup,LatLonDatum
Location_backup.CoordinateAccuracy,0,dbo,Location_backup,CoordinateAccuracy
Location_backup.CoordinateMethod,0,dbo,Location_backup,CoordinateMethod
Location_backup.Township,0,dbo,Location_backup,Township
Location_backup.TownshipDirection,0,dbo,Location_backup,TownshipDirection
Location_backup.Range,0,dbo,Location_backup,Range
Location_backup.RangeDirection,0,dbo,Location_backup,RangeDirection
Location_backup.SectionQuarters,0,dbo,Location_backup,SectionQuarters
Location_backup.SPX,0,dbo,Location_backup,SPX
Location_backup.SPY,0,dbo,Location_backup,SPY
Location_backup.QuadName,0,dbo,Location_backup,QuadName
Location_backup.County,0,dbo,Location_backup,County
Location_backup.State,0,dbo,Location_backup,State
Location_backup.LocationNotes,0,dbo,Location_backup,LocationNotes
Location_backup.WLReportDeliver,0,dbo,Location_backup,WLReportDeliver
Location_backup.ChemistryReportDeliver,0,dbo,Location_backup,ChemistryReportDeliver
Location_backup.WLReportNote,0,dbo,Location_backup,WLReportNote
Location_backup.ChemistryReportNote,0,dbo,Location_backup,ChemistryReportNote
Location_backup.X_NAD83_Zone12,0,dbo,Location_backup,X_NAD83_Zone12
Location_backup.Y_NAD83_Zone12,0,dbo,Location_backup,Y_NAD83_Zone12
Location_backup.projectname,0,dbo,Location_backup,projectname
Location_backup.USGSProjectID,0,dbo,Location_backup,USGSProjectID
Location_backup.ObjectID,0,dbo,Location_backup,ObjectID
Location_backup.LatitudeDD,0,dbo,Location_backup,LatitudeDD
Location_backup.LongitudeDD,0,dbo,Location_backup,LongitudeDD
Location_backup.SSMA_TimeStamp,0,dbo,Location_backup,SSMA_TimeStamp
Location_backup.PublicRelease,0,dbo,Location_backup,PublicRelease
Location_backup.Geometry,0,dbo,Location_backup,Geometry
Location_backupNew.LocationId,0,dbo,Location_backupNew,LocationId
Location_backupNew.DateCreated,0,dbo,Location_backupNew,DateCreated
Location_backupNew.PointID,0,dbo,Location_backupNew,PointID
Location_backupNew.SiteNames,0,dbo,Location_backupNew,SiteNames
Location_backupNew.SiteID,0,dbo,Location_backupNew,SiteID
Location_backupNew.AlternateSiteID,0,dbo,Location_backupNew,AlternateSiteID
Location_backupNew.SiteDate,0,dbo,Location_backupNew,SiteDate
Location_backupNew.DataReliability,0,dbo,Location_backupNew,DataReliability
Location_backupNew.Confidential,0,dbo,Location_backupNew,Confidential
Location_backupNew.SiteType,0,dbo,Location_backupNew,SiteType
Location_backupNew.WL_Continuous,0,dbo,Location_backupNew,WL_Continuous
Location_backupNew.WL_Intermittent,0,dbo,Location_backupNew,WL_Intermittent
Location_backupNew.WaterQuality,0,dbo,Location_backupNew,WaterQuality
Location_backupNew.WaterFlow,0,dbo,Location_backupNew,WaterFlow
Location_backupNew.Hydraulic,0,dbo,Location_backupNew,Hydraulic
Location_backupNew.Subsurface,0,dbo,Location_backupNew,Subsurface
Location_backupNew.WellorSpgNoData,0,dbo,Location_backupNew,WellorSpgNoData
Location_backupNew.SubsurfaceType,0,dbo,Location_backupNew,SubsurfaceType
Location_backupNew.Easting,0,dbo,Location_backupNew,Easting
Location_backupNew.Northing,0,dbo,Location_backupNew,Northing
Location_backupNew.UTMDatum,0,dbo,Location_backupNew,UTMDatum
Location_backupNew.CoordinateNotes,0,dbo,Location_backupNew,CoordinateNotes
Location_backupNew.Altitude,0,dbo,Location_backupNew,Altitude
Location_backupNew.AltitudeAccuracy,0,dbo,Location_backupNew,AltitudeAccuracy
Location_backupNew.AltitudeMethod,0,dbo,Location_backupNew,AltitudeMethod
Location_backupNew.AltDatum,0,dbo,Location_backupNew,AltDatum
Location_backupNew.Latitude,0,dbo,Location_backupNew,Latitude
Location_backupNew.Longitude,0,dbo,Location_backupNew,Longitude
Location_backupNew.LatLonDatum,0,dbo,Location_backupNew,LatLonDatum
Location_backupNew.CoordinateAccuracy,0,dbo,Location_backupNew,CoordinateAccuracy
Location_backupNew.CoordinateMethod,0,dbo,Location_backupNew,CoordinateMethod
Location_backupNew.Township,0,dbo,Location_backupNew,Township
Location_backupNew.TownshipDirection,0,dbo,Location_backupNew,TownshipDirection
Location_backupNew.Range,0,dbo,Location_backupNew,Range
Location_backupNew.RangeDirection,0,dbo,Location_backupNew,RangeDirection
Location_backupNew.SectionQuarters,0,dbo,Location_backupNew,SectionQuarters
Location_backupNew.SPX,0,dbo,Location_backupNew,SPX
Location_backupNew.SPY,0,dbo,Location_backupNew,SPY
Location_backupNew.QuadName,0,dbo,Location_backupNew,QuadName
Location_backupNew.County,0,dbo,Location_backupNew,County
Location_backupNew.State,0,dbo,Location_backupNew,State
Location_backupNew.LocationNotes,0,dbo,Location_backupNew,LocationNotes
Location_backupNew.WLReportDeliver,0,dbo,Location_backupNew,WLReportDeliver
Location_backupNew.ChemistryReportDeliver,0,dbo,Location_backupNew,ChemistryReportDeliver
Location_backupNew.WLReportNote,0,dbo,Location_backupNew,WLReportNote
Location_backupNew.ChemistryReportNote,0,dbo,Location_backupNew,ChemistryReportNote
Location_backupNew.X_NAD83_Zone12,0,dbo,Location_backupNew,X_NAD83_Zone12
Location_backupNew.Y_NAD83_Zone12,0,dbo,Location_backupNew,Y_NAD83_Zone12
Location_backupNew.projectname,0,dbo,Location_backupNew,projectname
Location_backupNew.USGSProjectID,0,dbo,Location_backupNew,USGSProjectID
Location_backupNew.ObjectID,0,dbo,Location_backupNew,ObjectID
Location_backupNew.LatitudeDD,0,dbo,Location_backupNew,LatitudeDD
Location_backupNew.LongitudeDD,0,dbo,Location_backupNew,LongitudeDD
Location_backupNew.SSMA_TimeStamp,0,dbo,Location_backupNew,SSMA_TimeStamp
Location_backupNew.PublicRelease,0,dbo,Location_backupNew,PublicRelease
Location_backupNew.Geometry,0,dbo,Location_backupNew,Geometry
LocationProjectOwnerArchive.LocationId,0,dbo,LocationProjectOwnerArchive,LocationId
LocationProjectOwnerArchive.PointID,0,dbo,LocationProjectOwnerArchive,PointID
LocationProjectOwnerArchive.ProjectName,0,dbo,LocationProjectOwnerArchive,ProjectName
LocationProjectOwnerArchive.OwnerKey,0,dbo,LocationProjectOwnerArchive,OwnerKey
LocationsEB.LocationId,0,dbo,LocationsEB,LocationId
LocationsEB.DateCreated,0,dbo,LocationsEB,DateCreated
LocationsEB.PointID,0,dbo,LocationsEB,PointID
LocationsEB.SiteNames,0,dbo,LocationsEB,SiteNames
LocationsEB.SiteID,0,dbo,LocationsEB,SiteID
LocationsEB.AlternateSiteID,0,dbo,LocationsEB,AlternateSiteID
LocationsEB.SiteDate,0,dbo,LocationsEB,SiteDate
LocationsEB.DataReliability,0,dbo,LocationsEB,DataReliability
LocationsEB.Confidential,0,dbo,LocationsEB,Confidential
LocationsEB.SiteType,0,dbo,LocationsEB,SiteType
LocationsEB.WL_Continuous,0,dbo,LocationsEB,WL_Continuous
LocationsEB.WL_Intermittent,0,dbo,LocationsEB,WL_Intermittent
LocationsEB.WaterQuality,0,dbo,LocationsEB,WaterQuality
LocationsEB.WaterFlow,0,dbo,LocationsEB,WaterFlow
LocationsEB.Hydraulic,0,dbo,LocationsEB,Hydraulic
LocationsEB.Subsurface,0,dbo,LocationsEB,Subsurface
LocationsEB.WellorSpgNoData,0,dbo,LocationsEB,WellorSpgNoData
LocationsEB.SubsurfaceType,0,dbo,LocationsEB,SubsurfaceType
LocationsEB.Easting,0,dbo,LocationsEB,Easting
LocationsEB.Northing,0,dbo,LocationsEB,Northing
LocationsEB.UTMDatum,0,dbo,LocationsEB,UTMDatum
LocationsEB.CoordinateNotes,0,dbo,LocationsEB,CoordinateNotes
LocationsEB.Altitude,0,dbo,LocationsEB,Altitude
LocationsEB.AltitudeAccuracy,0,dbo,LocationsEB,AltitudeAccuracy
LocationsEB.AltitudeMethod,0,dbo,LocationsEB,AltitudeMethod
LocationsEB.AltDatum,0,dbo,LocationsEB,AltDatum
LocationsEB.Latitude,0,dbo,LocationsEB,Latitude
LocationsEB.Longitude,0,dbo,LocationsEB,Longitude
LocationsEB.LatLonDatum,0,dbo,LocationsEB,LatLonDatum
LocationsEB.CoordinateAccuracy,0,dbo,LocationsEB,CoordinateAccuracy
LocationsEB.CoordinateMethod,0,dbo,LocationsEB,CoordinateMethod
LocationsEB.Township,0,dbo,LocationsEB,Township
LocationsEB.TownshipDirection,0,dbo,LocationsEB,TownshipDirection
LocationsEB.Range,0,dbo,LocationsEB,Range
LocationsEB.RangeDirection,0,dbo,LocationsEB,RangeDirection
LocationsEB.SectionQuarters,0,dbo,LocationsEB,SectionQuarters
LocationsEB.SPX,0,dbo,LocationsEB,SPX
LocationsEB.SPY,0,dbo,LocationsEB,SPY
LocationsEB.QuadName,0,dbo,LocationsEB,QuadName
LocationsEB.County,0,dbo,LocationsEB,County
LocationsEB.State,0,dbo,LocationsEB,State
LocationsEB.LocationNotes,0,dbo,LocationsEB,LocationNotes
LocationsEB.WLReportDeliver,0,dbo,LocationsEB,WLReportDeliver
LocationsEB.ChemistryReportDeliver,0,dbo,LocationsEB,ChemistryReportDeliver
LocationsEB.WLReportNote,0,dbo,LocationsEB,WLReportNote
LocationsEB.ChemistryReportNote,0,dbo,LocationsEB,ChemistryReportNote
LocationsEB.X_NAD83_Zone12,0,dbo,LocationsEB,X_NAD83_Zone12
LocationsEB.Y_NAD83_Zone12,0,dbo,LocationsEB,Y_NAD83_Zone12
LocationsEB.projectname,0,dbo,LocationsEB,projectname
LocationsEB.USGSProjectID,0,dbo,LocationsEB,USGSProjectID
LocationsEB.ObjectID,0,dbo,LocationsEB,ObjectID
LocationsEB.LatitudeDD,0,dbo,LocationsEB,LatitudeDD
LocationsEB.LongitudeDD,0,dbo,LocationsEB,LongitudeDD
LocationsEB.PublicRelease,0,dbo,LocationsEB,PublicRelease
LocationsPS.LocationId,0,dbo,LocationsPS,LocationId
LocationsPS.DateCreated,0,dbo,LocationsPS,DateCreated
LocationsPS.PointID,0,dbo,LocationsPS,PointID
LocationsPS.SiteNames,0,dbo,LocationsPS,SiteNames
LocationsPS.SiteID,0,dbo,LocationsPS,SiteID
LocationsPS.AlternateSiteID,0,dbo,LocationsPS,AlternateSiteID
LocationsPS.SiteDate,0,dbo,LocationsPS,SiteDate
LocationsPS.DataReliability,0,dbo,LocationsPS,DataReliability
LocationsPS.Confidential,0,dbo,LocationsPS,Confidential
LocationsPS.SiteType,0,dbo,LocationsPS,SiteType
LocationsPS.WL_Continuous,0,dbo,LocationsPS,WL_Continuous
LocationsPS.WL_Intermittent,0,dbo,LocationsPS,WL_Intermittent
LocationsPS.WaterQuality,0,dbo,LocationsPS,WaterQuality
LocationsPS.WaterFlow,0,dbo,LocationsPS,WaterFlow
LocationsPS.Hydraulic,0,dbo,LocationsPS,Hydraulic
LocationsPS.Subsurface,0,dbo,LocationsPS,Subsurface
LocationsPS.WellorSpgNoData,0,dbo,LocationsPS,WellorSpgNoData
LocationsPS.SubsurfaceType,0,dbo,LocationsPS,SubsurfaceType
LocationsPS.Easting,0,dbo,LocationsPS,Easting
LocationsPS.Northing,0,dbo,LocationsPS,Northing
LocationsPS.UTMDatum,0,dbo,LocationsPS,UTMDatum
LocationsPS.CoordinateNotes,0,dbo,LocationsPS,CoordinateNotes
LocationsPS.Altitude,0,dbo,LocationsPS,Altitude
LocationsPS.AltitudeAccuracy,0,dbo,LocationsPS,AltitudeAccuracy
LocationsPS.AltitudeMethod,0,dbo,LocationsPS,AltitudeMethod
LocationsPS.AltDatum,0,dbo,LocationsPS,AltDatum
LocationsPS.Latitude,0,dbo,LocationsPS,Latitude
LocationsPS.Longitude,0,dbo,LocationsPS,Longitude
LocationsPS.LatLonDatum,0,dbo,LocationsPS,LatLonDatum
LocationsPS.CoordinateAccuracy,0,dbo,LocationsPS,CoordinateAccuracy
LocationsPS.CoordinateMethod,0,dbo,LocationsPS,CoordinateMethod
LocationsPS.Township,0,dbo,LocationsPS,Township
LocationsPS.TownshipDirection,0,dbo,LocationsPS,TownshipDirection
LocationsPS.Range,0,dbo,LocationsPS,Range
LocationsPS.RangeDirection,0,dbo,LocationsPS,RangeDirection
LocationsPS.SectionQuarters,0,dbo,LocationsPS,SectionQuarters
LocationsPS.SPX,0,dbo,LocationsPS,SPX
LocationsPS.SPY,0,dbo,LocationsPS,SPY
LocationsPS.QuadName,0,dbo,LocationsPS,QuadName
LocationsPS.County,0,dbo,LocationsPS,County
LocationsPS.State,0,dbo,LocationsPS,State
LocationsPS.LocationNotes,0,dbo,LocationsPS,LocationNotes
LocationsPS.WLReportDeliver,0,dbo,LocationsPS,WLReportDeliver
LocationsPS.ChemistryReportDeliver,0,dbo,LocationsPS,ChemistryReportDeliver
LocationsPS.WLReportNote,0,dbo,LocationsPS,WLReportNote
LocationsPS.ChemistryReportNote,0,dbo,LocationsPS,ChemistryReportNote
LocationsPS.X_NAD83_Zone12,0,dbo,LocationsPS,X_NAD83_Zone12
LocationsPS.Y_NAD83_Zone12,0,dbo,LocationsPS,Y_NAD83_Zone12
LocationsPS.projectname,0,dbo,LocationsPS,projectname
LocationsPS.USGSProjectID,0,dbo,LocationsPS,USGSProjectID
LocationsPS.ObjectID,0,dbo,LocationsPS,ObjectID
LocationsPS.LatitudeDD,0,dbo,LocationsPS,LatitudeDD
LocationsPS.LongitudeDD,0,dbo,LocationsPS,LongitudeDD
LocationsPS.PublicRelease,0,dbo,LocationsPS,PublicRelease
LocationsSB.LocationId,0,dbo,LocationsSB,LocationId
LocationsSB.DateCreated,0,dbo,LocationsSB,DateCreated
LocationsSB.PointID,0,dbo,LocationsSB,PointID
LocationsSB.SiteNames,0,dbo,LocationsSB,SiteNames
LocationsSB.SiteID,0,dbo,LocationsSB,SiteID
LocationsSB.AlternateSiteID,0,dbo,LocationsSB,AlternateSiteID
LocationsSB.SiteDate,0,dbo,LocationsSB,SiteDate
LocationsSB.DataReliability,0,dbo,LocationsSB,DataReliability
LocationsSB.Confidential,0,dbo,LocationsSB,Confidential
LocationsSB.SiteType,0,dbo,LocationsSB,SiteType
LocationsSB.WL_Continuous,0,dbo,LocationsSB,WL_Continuous
LocationsSB.WL_Intermittent,0,dbo,LocationsSB,WL_Intermittent
LocationsSB.WaterQuality,0,dbo,LocationsSB,WaterQuality
LocationsSB.WaterFlow,0,dbo,LocationsSB,WaterFlow
LocationsSB.Hydraulic,0,dbo,LocationsSB,Hydraulic
LocationsSB.Subsurface,0,dbo,LocationsSB,Subsurface
LocationsSB.WellorSpgNoData,0,dbo,LocationsSB,WellorSpgNoData
LocationsSB.SubsurfaceType,0,dbo,LocationsSB,SubsurfaceType
LocationsSB.Easting,0,dbo,LocationsSB,Easting
LocationsSB.Northing,0,dbo,LocationsSB,Northing
LocationsSB.UTMDatum,0,dbo,LocationsSB,UTMDatum
LocationsSB.CoordinateNotes,0,dbo,LocationsSB,CoordinateNotes
LocationsSB.Altitude,0,dbo,LocationsSB,Altitude
LocationsSB.AltitudeAccuracy,0,dbo,LocationsSB,AltitudeAccuracy
LocationsSB.AltitudeMethod,0,dbo,LocationsSB,AltitudeMethod
LocationsSB.AltDatum,0,dbo,LocationsSB,AltDatum
LocationsSB.Latitude,0,dbo,LocationsSB,Latitude
LocationsSB.Longitude,0,dbo,LocationsSB,Longitude
LocationsSB.LatLonDatum,0,dbo,LocationsSB,LatLonDatum
LocationsSB.CoordinateAccuracy,0,dbo,LocationsSB,CoordinateAccuracy
LocationsSB.CoordinateMethod,0,dbo,LocationsSB,CoordinateMethod
LocationsSB.Township,0,dbo,LocationsSB,Township
LocationsSB.TownshipDirection,0,dbo,LocationsSB,TownshipDirection
LocationsSB.Range,0,dbo,LocationsSB,Range
LocationsSB.RangeDirection,0,dbo,LocationsSB,RangeDirection
LocationsSB.SectionQuarters,0,dbo,LocationsSB,SectionQuarters
LocationsSB.SPX,0,dbo,LocationsSB,SPX
LocationsSB.SPY,0,dbo,LocationsSB,SPY
LocationsSB.QuadName,0,dbo,LocationsSB,QuadName
LocationsSB.County,0,dbo,LocationsSB,County
LocationsSB.State,0,dbo,LocationsSB,State
LocationsSB.LocationNotes,0,dbo,LocationsSB,LocationNotes
LocationsSB.WLReportDeliver,0,dbo,LocationsSB,WLReportDeliver
LocationsSB.ChemistryReportDeliver,0,dbo,LocationsSB,ChemistryReportDeliver
LocationsSB.WLReportNote,0,dbo,LocationsSB,WLReportNote
LocationsSB.ChemistryReportNote,0,dbo,LocationsSB,ChemistryReportNote
LocationsSB.X_NAD83_Zone12,0,dbo,LocationsSB,X_NAD83_Zone12
LocationsSB.Y_NAD83_Zone12,0,dbo,LocationsSB,Y_NAD83_Zone12
LocationsSB.projectname,0,dbo,LocationsSB,projectname
LocationsSB.USGSProjectID,0,dbo,LocationsSB,USGSProjectID
LocationsSB.ObjectID,0,dbo,LocationsSB,ObjectID
LocationsSB.LatitudeDD,0,dbo,LocationsSB,LatitudeDD
LocationsSB.LongitudeDD,0,dbo,LocationsSB,LongitudeDD
LocationsSB.PublicRelease,0,dbo,LocationsSB,PublicRelease
LU_AllAnalytes.CODE,77,dbo,LU_AllAnalytes,CODE
LU_AllAnalytes.MEANING,77,dbo,LU_AllAnalytes,MEANING
LU_AllAnalytes.id,77,dbo,LU_AllAnalytes,id
LU_AllAnalytesUnits.CODE,11,dbo,LU_AllAnalytesUnits,CODE
LU_AllAnalytesUnits.MEANING,11,dbo,LU_AllAnalytesUnits,MEANING
LU_AllAnalytesUnits.id,11,dbo,LU_AllAnalytesUnits,id
LU_AltitudeDatum.CODE,2,dbo,LU_AltitudeDatum,CODE
LU_AltitudeDatum.id,2,dbo,LU_AltitudeDatum,id
LU_AltitudeMethod.CODE,12,dbo,LU_AltitudeMethod,CODE
LU_AltitudeMethod.MEANING,12,dbo,LU_AltitudeMethod,MEANING
LU_AltitudeMethod.id,12,dbo,LU_AltitudeMethod,id
LU_AquiferClass.CODE,4,dbo,LU_AquiferClass,CODE
LU_AquiferClass.MEANING,4,dbo,LU_AquiferClass,MEANING
LU_AquiferClass.id,4,dbo,LU_AquiferClass,id
LU_AquiferType.CODE,11,dbo,LU_AquiferType,CODE
LU_AquiferType.MEANING,11,dbo,LU_AquiferType,MEANING
LU_AquiferType.id,11,dbo,LU_AquiferType,id
LU_CollectionMethod.CODE,7,dbo,LU_CollectionMethod,CODE
LU_CollectionMethod.MEANING,7,dbo,LU_CollectionMethod,MEANING
LU_CollectionMethod.id,7,dbo,LU_CollectionMethod,id
LU_ConstructionMethod.CODE,8,dbo,LU_ConstructionMethod,CODE
LU_ConstructionMethod.MEANING,8,dbo,LU_ConstructionMethod,MEANING
LU_ConstructionMethod.id,8,dbo,LU_ConstructionMethod,id
LU_ContributingUnit.CODE,5,dbo,LU_ContributingUnit,CODE
LU_ContributingUnit.MEANING,5,dbo,LU_ContributingUnit,MEANING
LU_ContributingUnit.id,5,dbo,LU_ContributingUnit,id
LU_CoordinateAccuracy.CODE,10,dbo,LU_CoordinateAccuracy,CODE
LU_CoordinateAccuracy.MEANING,10,dbo,LU_CoordinateAccuracy,MEANING
LU_CoordinateAccuracy.id,10,dbo,LU_CoordinateAccuracy,id
LU_CoordinateDatum.DATUMCODE,2,dbo,LU_CoordinateDatum,DATUMCODE
LU_CoordinateDatum.id,2,dbo,LU_CoordinateDatum,id
LU_CoordinateMethod.CODE,8,dbo,LU_CoordinateMethod,CODE
LU_CoordinateMethod.MEANING,8,dbo,LU_CoordinateMethod,MEANING
LU_CoordinateMethod.id,8,dbo,LU_CoordinateMethod,id
LU_County.COUNTY,33,dbo,LU_County,COUNTY
LU_County.id,33,dbo,LU_County,id
LU_CurrentUse.CODE,15,dbo,LU_CurrentUse,CODE
LU_CurrentUse.MEANING,15,dbo,LU_CurrentUse,MEANING
LU_CurrentUse.id,15,dbo,LU_CurrentUse,id
LU_DataQuality.CODE,9,dbo,LU_DataQuality,CODE
LU_DataQuality.MEANING,9,dbo,LU_DataQuality,MEANING
LU_DataQuality.id,9,dbo,LU_DataQuality,id
LU_DataQuality.SHORT_MEANING,4,dbo,LU_DataQuality,SHORT_MEANING
LU_DataQuality.WebDataEntryVisible,9,dbo,LU_DataQuality,WebDataEntryVisible
LU_DataReliability.CODE,4,dbo,LU_DataReliability,CODE
LU_DataReliability.MEANING,4,dbo,LU_DataReliability,MEANING
LU_DataReliability.id,4,dbo,LU_DataReliability,id
LU_DataSource.CODE,10,dbo,LU_DataSource,CODE
LU_DataSource.MEANING,10,dbo,LU_DataSource,MEANING
LU_DataSource.id,10,dbo,LU_DataSource,id
LU_DataType.CODE,20,dbo,LU_DataType,CODE
LU_DataType.MEANING,12,dbo,LU_DataType,MEANING
LU_DataType.id,20,dbo,LU_DataType,id
LU_Depth/CompletionSource.CODE,10,dbo,LU_Depth/CompletionSource,CODE
LU_Depth/CompletionSource.MEANING,10,dbo,LU_Depth/CompletionSource,MEANING
LU_Depth/CompletionSource.id,10,dbo,LU_Depth/CompletionSource,id
LU_Discharge.Discharge,2,dbo,LU_Discharge,Discharge
LU_Discharge.id,2,dbo,LU_Discharge,id
LU_Discharge Units.UNITS,2,dbo,LU_Discharge Units,UNITS
LU_Discharge Units.id,2,dbo,LU_Discharge Units,id
LU_Discharge/ChemistrySource.CODE,5,dbo,LU_Discharge/ChemistrySource,CODE
LU_Discharge/ChemistrySource.MEANING,5,dbo,LU_Discharge/ChemistrySource,MEANING
LU_Discharge/ChemistrySource.id,5,dbo,LU_Discharge/ChemistrySource,id
LU_DischargeMethod.CODE,7,dbo,LU_DischargeMethod,CODE
LU_DischargeMethod.MEANING,7,dbo,LU_DischargeMethod,MEANING
LU_DischargeMethod.id,7,dbo,LU_DischargeMethod,id
LU_EquipmentType.MEANING,12,dbo,LU_EquipmentType,MEANING
LU_EquipmentType.id,12,dbo,LU_EquipmentType,id
LU_FieldNoteTypes.NoteType_id,3,dbo,LU_FieldNoteTypes,NoteType_id
LU_FieldNoteTypes.FieldNoteType,3,dbo,LU_FieldNoteTypes,FieldNoteType
LU_FieldParameter.CODE,5,dbo,LU_FieldParameter,CODE
LU_FieldParameter.MEANING,5,dbo,LU_FieldParameter,MEANING
LU_FieldParameter.id,5,dbo,LU_FieldParameter,id
LU_Formations.Code,295,dbo,LU_Formations,Code
LU_Formations.Meaning,295,dbo,LU_Formations,Meaning
LU_Formations.id,295,dbo,LU_Formations,id
LU_FPUnits.CODE,7,dbo,LU_FPUnits,CODE
LU_FPUnits.MEANING,7,dbo,LU_FPUnits,MEANING
LU_FPUnits.id,7,dbo,LU_FPUnits,id
LU_LevelStatus.CODE,23,dbo,LU_LevelStatus,CODE
LU_LevelStatus.MEANING,23,dbo,LU_LevelStatus,MEANING
LU_LevelStatus.id,23,dbo,LU_LevelStatus,id
LU_LevelStatus.WebDataEntryVisible,23,dbo,LU_LevelStatus,WebDataEntryVisible
LU_Lithology.TERM,76,dbo,LU_Lithology,TERM
LU_Lithology.ABBREVIATION,76,dbo,LU_Lithology,ABBREVIATION
LU_Lithology.id,76,dbo,LU_Lithology,id
LU_MajorAnalyte.CODE,22,dbo,LU_MajorAnalyte,CODE
LU_MajorAnalyte.MEANING,22,dbo,LU_MajorAnalyte,MEANING
LU_MajorAnalyte.id,22,dbo,LU_MajorAnalyte,id
LU_MajorUnits.CODE,7,dbo,LU_MajorUnits,CODE
LU_MajorUnits.MEANING,7,dbo,LU_MajorUnits,MEANING
LU_MajorUnits.id,7,dbo,LU_MajorUnits,id
LU_MeasurementMethod.CODE,24,dbo,LU_MeasurementMethod,CODE
LU_MeasurementMethod.MEANING,24,dbo,LU_MeasurementMethod,MEANING
LU_MeasurementMethod.id,24,dbo,LU_MeasurementMethod,id
LU_MeasurementMethod.WebDataEntryVisible,24,dbo,LU_MeasurementMethod,WebDataEntryVisible
LU_MeasuringAgency.Agency,18,dbo,LU_MeasuringAgency,Agency
LU_MeasuringAgency.Description,18,dbo,LU_MeasuringAgency,Description
LU_MeasuringAgency.id,18,dbo,LU_MeasuringAgency,id
LU_MinorTraceAnalyte.CODE,92,dbo,LU_MinorTraceAnalyte,CODE
LU_MinorTraceAnalyte.MEANING,92,dbo,LU_MinorTraceAnalyte,MEANING
LU_MinorTraceAnalyte.id,92,dbo,LU_MinorTraceAnalyte,id
LU_MinorTraceUnits.CODE,7,dbo,LU_MinorTraceUnits,CODE
LU_MinorTraceUnits.MEANING,7,dbo,LU_MinorTraceUnits,MEANING
LU_MinorTraceUnits.id,7,dbo,LU_MinorTraceUnits,id
LU_MonitoringStatus.CODE,16,dbo,LU_MonitoringStatus,CODE
LU_MonitoringStatus.MEANING,16,dbo,LU_MonitoringStatus,MEANING
LU_MonitoringStatus.id,16,dbo,LU_MonitoringStatus,id
LU_NMQuads.QuadName,2062,dbo,LU_NMQuads,QuadName
LU_NMQuads.id,2062,dbo,LU_NMQuads,id
LU_PrimaryUseSite_USGS.CODE,17,dbo,LU_PrimaryUseSite_USGS,CODE
LU_PrimaryUseSite_USGS.MEANING,17,dbo,LU_PrimaryUseSite_USGS,MEANING
LU_PrimaryUseSite_USGS.id,17,dbo,LU_PrimaryUseSite_USGS,id
LU_PrimaryUseWater_USGS.CODE,20,dbo,LU_PrimaryUseWater_USGS,CODE
LU_PrimaryUseWater_USGS.MEANING,20,dbo,LU_PrimaryUseWater_USGS,MEANING
LU_PrimaryUseWater_USGS.id,20,dbo,LU_PrimaryUseWater_USGS,id
LU_RadioAnalyte.CODE,10,dbo,LU_RadioAnalyte,CODE
LU_RadioAnalyte.MEANING,10,dbo,LU_RadioAnalyte,MEANING
LU_RadioAnalyte.id,10,dbo,LU_RadioAnalyte,id
LU_RadioUnits.CODE,6,dbo,LU_RadioUnits,CODE
LU_RadioUnits.MEANING,6,dbo,LU_RadioUnits,MEANING
LU_RadioUnits.id,6,dbo,LU_RadioUnits,id
LU_SampleType.CODE,11,dbo,LU_SampleType,CODE
LU_SampleType.MEANING,11,dbo,LU_SampleType,MEANING
LU_SampleType.id,11,dbo,LU_SampleType,id
LU_SiteType.CODE,11,dbo,LU_SiteType,CODE
LU_SiteType.MEANING,11,dbo,LU_SiteType,MEANING
LU_SiteType.id,11,dbo,LU_SiteType,id
LU_Status.CODE,6,dbo,LU_Status,CODE
LU_Status.MEANING,6,dbo,LU_Status,MEANING
LU_Status.id,6,dbo,LU_Status,id
LU_Subsurface.CODE,4,dbo,LU_Subsurface,CODE
LU_Subsurface.MEANING,4,dbo,LU_Subsurface,MEANING
LU_Subsurface.id,4,dbo,LU_Subsurface,id
LU_TimeDatum.MEANING,3,dbo,LU_TimeDatum,MEANING
LU_TimeDatum.id,3,dbo,LU_TimeDatum,id
MajorChemistry.SamplePtID,78578,dbo,MajorChemistry,SamplePtID
MajorChemistry.SamplePointID,78578,dbo,MajorChemistry,SamplePointID
MajorChemistry.Analyte,78577,dbo,MajorChemistry,Analyte
MajorChemistry.Symbol,8053,dbo,MajorChemistry,Symbol
MajorChemistry.SampleValue,78578,dbo,MajorChemistry,SampleValue
MajorChemistry.Units,78562,dbo,MajorChemistry,Units
MajorChemistry.Uncertainty,2191,dbo,MajorChemistry,Uncertainty
MajorChemistry.AnalysisMethod,17176,dbo,MajorChemistry,AnalysisMethod
MajorChemistry.AnalysisDate,10706,dbo,MajorChemistry,AnalysisDate
MajorChemistry.Notes,1180,dbo,MajorChemistry,Notes
MajorChemistry.Volume,78578,dbo,MajorChemistry,Volume
MajorChemistry.VolumeUnit,13,dbo,MajorChemistry,VolumeUnit
MajorChemistry.OBJECTID,78578,dbo,MajorChemistry,OBJECTID
MajorChemistry.GlobalID,78578,dbo,MajorChemistry,GlobalID
MajorChemistry.AnalysesAgency,41792,dbo,MajorChemistry,AnalysesAgency
MajorChemistry.WCLab_ID,26133,dbo,MajorChemistry,WCLab_ID
MajorChemistry.SSMA_TimeStamp,78578,dbo,MajorChemistry,SSMA_TimeStamp
MinorandTraceChemistry.SamplePtID,108361,dbo,MinorandTraceChemistry,SamplePtID
MinorandTraceChemistry.SamplePointID,108361,dbo,MinorandTraceChemistry,SamplePointID
MinorandTraceChemistry.Analyte,108353,dbo,MinorandTraceChemistry,Analyte
MinorandTraceChemistry.Symbol,48938,dbo,MinorandTraceChemistry,Symbol
MinorandTraceChemistry.SampleValue,108361,dbo,MinorandTraceChemistry,SampleValue
MinorandTraceChemistry.Units,108262,dbo,MinorandTraceChemistry,Units
MinorandTraceChemistry.Uncertainty,108361,dbo,MinorandTraceChemistry,Uncertainty
MinorandTraceChemistry.AnalysisMethod,33327,dbo,MinorandTraceChemistry,AnalysisMethod
MinorandTraceChemistry.AnalysisDate,28131,dbo,MinorandTraceChemistry,AnalysisDate
MinorandTraceChemistry.Notes,3390,dbo,MinorandTraceChemistry,Notes
MinorandTraceChemistry.Volume,108361,dbo,MinorandTraceChemistry,Volume
MinorandTraceChemistry.VolumeUnit,668,dbo,MinorandTraceChemistry,VolumeUnit
MinorandTraceChemistry.OBJECTID,108361,dbo,MinorandTraceChemistry,OBJECTID
MinorandTraceChemistry.GlobalID,108361,dbo,MinorandTraceChemistry,GlobalID
MinorandTraceChemistry.AnalysesAgency,74318,dbo,MinorandTraceChemistry,AnalysesAgency
MinorandTraceChemistry.WCLab_ID,67357,dbo,MinorandTraceChemistry,WCLab_ID
MinorandTraceChemistry.SSMA_TimeStamp,108361,dbo,MinorandTraceChemistry,SSMA_TimeStamp
NGWMN_Lithology.PointID,0,dbo,NGWMN_Lithology,PointID
NGWMN_Lithology.Lithology,0,dbo,NGWMN_Lithology,Lithology
NGWMN_Lithology.TERM,0,dbo,NGWMN_Lithology,TERM
NGWMN_Lithology.StratSource,0,dbo,NGWMN_Lithology,StratSource
NGWMN_Lithology.StratTop,0,dbo,NGWMN_Lithology,StratTop
NGWMN_Lithology.StratBottom,0,dbo,NGWMN_Lithology,StratBottom
OwnerLink.LocationId,3447,dbo,OwnerLink,LocationId
OwnerLink.OwnerKey,3446,dbo,OwnerLink,OwnerKey
OwnerLink.OBJECTID,3448,dbo,OwnerLink,OBJECTID
OwnerLink.GlobalID,3448,dbo,OwnerLink,GlobalID
OwnersData.OwnerKey,1763,dbo,OwnersData,OwnerKey
OwnersData.Company,369,dbo,OwnersData,Company
OwnersData.LastName,1641,dbo,OwnersData,LastName
OwnersData.FirstName,1624,dbo,OwnersData,FirstName
OwnersData.Phone,979,dbo,OwnersData,Phone
OwnersData.CellPhone,530,dbo,OwnersData,CellPhone
OwnersData.Email,658,dbo,OwnersData,Email
OwnersData.MailingAddress,777,dbo,OwnersData,MailingAddress
OwnersData.MailCity,774,dbo,OwnersData,MailCity
OwnersData.MailState,781,dbo,OwnersData,MailState
OwnersData.MailZipCode,734,dbo,OwnersData,MailZipCode
OwnersData.PhysicalAddress,719,dbo,OwnersData,PhysicalAddress
OwnersData.PhysicalCity,656,dbo,OwnersData,PhysicalCity
OwnersData.PhysicalState,650,dbo,OwnersData,PhysicalState
OwnersData.PhysicalZipCode,490,dbo,OwnersData,PhysicalZipCode
OwnersData.SecondLastName,340,dbo,OwnersData,SecondLastName
OwnersData.SecondFirstName,360,dbo,OwnersData,SecondFirstName
OwnersData.SecondCtctPhone,230,dbo,OwnersData,SecondCtctPhone
OwnersData.SecondCtctEmail,121,dbo,OwnersData,SecondCtctEmail
OwnersData.OwnerComment,680,dbo,OwnersData,OwnerComment
OwnersData.OBJECTID,1763,dbo,OwnersData,OBJECTID
OwnersData.GlobalID,1763,dbo,OwnersData,GlobalID
PointIdTemp.PointID,0,dbo,PointIdTemp,PointID
PointIdTemp.WDBID,0,dbo,PointIdTemp,WDBID
PointIdTemp.LocationId,0,dbo,PointIdTemp,LocationId
ProjectLocations.LocationId,48091,dbo,ProjectLocations,LocationId
ProjectLocations.PointID,48091,dbo,ProjectLocations,PointID
ProjectLocations.ProjectName,48091,dbo,ProjectLocations,ProjectName
ProjectLocations.OBJECTID,48091,dbo,ProjectLocations,OBJECTID
ProjectLocations.GlobalID,48091,dbo,ProjectLocations,GlobalID
Projects.Project,57,dbo,Projects,Project
Projects.PointIDPrefix,57,dbo,Projects,PointIDPrefix
Radionuclides.SamplePtID,0,dbo,Radionuclides,SamplePtID
Radionuclides.SamplePointID,0,dbo,Radionuclides,SamplePointID
Radionuclides.Analyte,0,dbo,Radionuclides,Analyte
Radionuclides.Symbol,0,dbo,Radionuclides,Symbol
Radionuclides.SampleValue,0,dbo,Radionuclides,SampleValue
Radionuclides.Units,0,dbo,Radionuclides,Units
Radionuclides.Uncertainty,0,dbo,Radionuclides,Uncertainty
Radionuclides.AnalysisMethod,0,dbo,Radionuclides,AnalysisMethod
Radionuclides.AnalysisDate,0,dbo,Radionuclides,AnalysisDate
Radionuclides.Notes,0,dbo,Radionuclides,Notes
Radionuclides.Volume,0,dbo,Radionuclides,Volume
Radionuclides.VolumeUnit,0,dbo,Radionuclides,VolumeUnit
Radionuclides.OBJECTID,0,dbo,Radionuclides,OBJECTID
Radionuclides.GlobalID,0,dbo,Radionuclides,GlobalID
Radionuclides.AnalysesAgency,0,dbo,Radionuclides,AnalysesAgency
Radionuclides.WCLab_ID,0,dbo,Radionuclides,WCLab_ID
Radionuclides.SSMA_TimeStamp,0,dbo,Radionuclides,SSMA_TimeStamp
SaltBasinWLs.ID,0,dbo,SaltBasinWLs,ID
SaltBasinWLs.PointID,0,dbo,SaltBasinWLs,PointID
SaltBasinWLs.DateMeasured,0,dbo,SaltBasinWLs,DateMeasured
SaltBasinWLs.DepthToWater,0,dbo,SaltBasinWLs,DepthToWater
SaltBasinWLs.LevelStatus,0,dbo,SaltBasinWLs,LevelStatus
SaltBasinWLs.MeasurementMethod,0,dbo,SaltBasinWLs,MeasurementMethod
SaltBasinWLs.DataSource,0,dbo,SaltBasinWLs,DataSource
SelectedObjects.SelectionID,0,dbo,SelectedObjects,SelectionID
SelectedObjects.ObjectID,0,dbo,SelectedObjects,ObjectID
Selections.SelectionID,0,dbo,Selections,SelectionID
Selections.TargetName,0,dbo,Selections,TargetName
SITESWITHWATERLEVELS.PointID,0,dbo,SITESWITHWATERLEVELS,PointID
SITESWITHWATERLEVELS.SiteID,0,dbo,SITESWITHWATERLEVELS,SiteID
SITESWITHWATERLEVELS.Expr1,0,dbo,SITESWITHWATERLEVELS,Expr1
SITESWITHWATERLEVELS.DataReliability,0,dbo,SITESWITHWATERLEVELS,DataReliability
SITESWITHWATERLEVELS.Easting,0,dbo,SITESWITHWATERLEVELS,Easting
SITESWITHWATERLEVELS.Northing,0,dbo,SITESWITHWATERLEVELS,Northing
SITESWITHWATERLEVELS.Altitude,0,dbo,SITESWITHWATERLEVELS,Altitude
SITESWITHWATERLEVELS.HoleDepth,0,dbo,SITESWITHWATERLEVELS,HoleDepth
SITESWITHWATERLEVELS.WellDepth,0,dbo,SITESWITHWATERLEVELS,WellDepth
SITESWITHWATERLEVELS.StaticWater,0,dbo,SITESWITHWATERLEVELS,StaticWater
SITESWITHWATERLEVELS.CasingDiameter,0,dbo,SITESWITHWATERLEVELS,CasingDiameter
SITESWITHWATERLEVELS.FormationZone,0,dbo,SITESWITHWATERLEVELS,FormationZone
SITESWITHWATERLEVELS.MinOfScreenTop,0,dbo,SITESWITHWATERLEVELS,MinOfScreenTop
SITESWITHWATERLEVELS.MaxOfScreenBottom,0,dbo,SITESWITHWATERLEVELS,MaxOfScreenBottom
SITESWITHWATERLEVELS.MaxOfDateMeasured_WL,0,dbo,SITESWITHWATERLEVELS,MaxOfDateMeasured_WL
SITESWITHWATERLEVELS.MaxOfDateMeasured_Acoustic,0,dbo,SITESWITHWATERLEVELS,MaxOfDateMeasured_Acoustic
SITESWITHWATERLEVELS.MaxOfDateMeasured_Pressure,0,dbo,SITESWITHWATERLEVELS,MaxOfDateMeasured_Pressure
SITESWITHWATERLEVELS.OBJECTID,0,dbo,SITESWITHWATERLEVELS,OBJECTID
SITEWATERLEVELS.PointID,0,dbo,SITEWATERLEVELS,PointID
SITEWATERLEVELS.DateMeasued,0,dbo,SITEWATERLEVELS,DateMeasued
SITEWATERLEVELS.DepthToWaterBGS,0,dbo,SITEWATERLEVELS,DepthToWaterBGS
SITEWATERLEVELS.MeasurementMethod,0,dbo,SITEWATERLEVELS,MeasurementMethod
SITEWATERLEVELS.LevelStatus,0,dbo,SITEWATERLEVELS,LevelStatus
SITEWATERLEVELS.DataSource,0,dbo,SITEWATERLEVELS,DataSource
SITEWATERLEVELS.MeasuringAgency,0,dbo,SITEWATERLEVELS,MeasuringAgency
Soil_Rock_Results.Point_ID,19,dbo,Soil_Rock_Results,Point_ID
Soil_Rock_Results.Sample Type,19,dbo,Soil_Rock_Results,Sample Type
Soil_Rock_Results.Date Sampled,19,dbo,Soil_Rock_Results,Date Sampled
Soil_Rock_Results.d13C,19,dbo,Soil_Rock_Results,d13C
Soil_Rock_Results.d18O,19,dbo,Soil_Rock_Results,d18O
Soil_Rock_Results.Sampled by,19,dbo,Soil_Rock_Results,Sampled by
Soil_Rock_Results.SSMA_TimeStamp,19,dbo,Soil_Rock_Results,SSMA_TimeStamp
Stratigraphy.WellID,4377,dbo,Stratigraphy,WellID
Stratigraphy.PointID,4377,dbo,Stratigraphy,PointID
Stratigraphy.StratTop,4377,dbo,Stratigraphy,StratTop
Stratigraphy.StratBottom,4377,dbo,Stratigraphy,StratBottom
Stratigraphy.UnitIdentifier,4176,dbo,Stratigraphy,UnitIdentifier
Stratigraphy.Lithology,451,dbo,Stratigraphy,Lithology
Stratigraphy.LithologicModifier,126,dbo,Stratigraphy,LithologicModifier
Stratigraphy.ContributingUnit,4120,dbo,Stratigraphy,ContributingUnit
Stratigraphy.StratSource,4199,dbo,Stratigraphy,StratSource
Stratigraphy.StratNotes,419,dbo,Stratigraphy,StratNotes
Stratigraphy.OBJECTID,4377,dbo,Stratigraphy,OBJECTID
Stratigraphy.GlobalID,4377,dbo,Stratigraphy,GlobalID
SurfaceWaterData.LocationId,1100,dbo,SurfaceWaterData,LocationId
SurfaceWaterData.SurfaceID,1100,dbo,SurfaceWaterData,SurfaceID
SurfaceWaterData.PointID,1100,dbo,SurfaceWaterData,PointID
SurfaceWaterData.Discharge,1022,dbo,SurfaceWaterData,Discharge
SurfaceWaterData.DischargeMethod,648,dbo,SurfaceWaterData,DischargeMethod
SurfaceWaterData.DischargeRate,651,dbo,SurfaceWaterData,DischargeRate
SurfaceWaterData.DischargeUnits,650,dbo,SurfaceWaterData,DischargeUnits
SurfaceWaterData.DateMeasured,800,dbo,SurfaceWaterData,DateMeasured
SurfaceWaterData.DischargeSource,790,dbo,SurfaceWaterData,DischargeSource
SurfaceWaterData.SiteNotes,431,dbo,SurfaceWaterData,SiteNotes
SurfaceWaterData.FieldMethodNotes,172,dbo,SurfaceWaterData,FieldMethodNotes
SurfaceWaterData.FormationZone,436,dbo,SurfaceWaterData,FormationZone
SurfaceWaterData.AqClass,161,dbo,SurfaceWaterData,AqClass
SurfaceWaterData.SourceNotes,512,dbo,SurfaceWaterData,SourceNotes
SurfaceWaterData.OBJECTID,1100,dbo,SurfaceWaterData,OBJECTID
SurfaceWaterData.DataSource,507,dbo,SurfaceWaterData,DataSource
SurfaceWaterData.SSMA_TimeStamp,1100,dbo,SurfaceWaterData,SSMA_TimeStamp
SurfaceWaterData_Corrupt_DataMissing.LocationId,0,dbo,SurfaceWaterData_Corrupt_DataMissing,LocationId
SurfaceWaterData_Corrupt_DataMissing.SurfaceID,0,dbo,SurfaceWaterData_Corrupt_DataMissing,SurfaceID
SurfaceWaterData_Corrupt_DataMissing.PointID,0,dbo,SurfaceWaterData_Corrupt_DataMissing,PointID
SurfaceWaterData_Corrupt_DataMissing.Discharge,0,dbo,SurfaceWaterData_Corrupt_DataMissing,Discharge
SurfaceWaterData_Corrupt_DataMissing.DischargeMethod,0,dbo,SurfaceWaterData_Corrupt_DataMissing,DischargeMethod
SurfaceWaterData_Corrupt_DataMissing.DischargeRate,0,dbo,SurfaceWaterData_Corrupt_DataMissing,DischargeRate
SurfaceWaterData_Corrupt_DataMissing.DischargeUnits,0,dbo,SurfaceWaterData_Corrupt_DataMissing,DischargeUnits
SurfaceWaterData_Corrupt_DataMissing.DateMeasured,0,dbo,SurfaceWaterData_Corrupt_DataMissing,DateMeasured
SurfaceWaterData_Corrupt_DataMissing.DischargeSource,0,dbo,SurfaceWaterData_Corrupt_DataMissing,DischargeSource
SurfaceWaterData_Corrupt_DataMissing.SiteNotes,0,dbo,SurfaceWaterData_Corrupt_DataMissing,SiteNotes
SurfaceWaterData_Corrupt_DataMissing.FieldMethodNotes,0,dbo,SurfaceWaterData_Corrupt_DataMissing,FieldMethodNotes
SurfaceWaterData_Corrupt_DataMissing.FormationZone,0,dbo,SurfaceWaterData_Corrupt_DataMissing,FormationZone
SurfaceWaterData_Corrupt_DataMissing.AqClass,0,dbo,SurfaceWaterData_Corrupt_DataMissing,AqClass
SurfaceWaterData_Corrupt_DataMissing.SourceNotes,0,dbo,SurfaceWaterData_Corrupt_DataMissing,SourceNotes
SurfaceWaterData_Corrupt_DataMissing.OBJECTID,0,dbo,SurfaceWaterData_Corrupt_DataMissing,OBJECTID
SurfaceWaterData_Corrupt_DataMissing.DataSource,0,dbo,SurfaceWaterData_Corrupt_DataMissing,DataSource
SurfaceWaterData_Corrupt_DataMissing.SSMA_TimeStamp,0,dbo,SurfaceWaterData_Corrupt_DataMissing,SSMA_TimeStamp
SurfaceWaterPhotos.SurfaceID,0,dbo,SurfaceWaterPhotos,SurfaceID
SurfaceWaterPhotos.PointID,0,dbo,SurfaceWaterPhotos,PointID
SurfaceWaterPhotos.OLEPath,0,dbo,SurfaceWaterPhotos,OLEPath
SurfaceWaterPhotos.OBJECTID,0,dbo,SurfaceWaterPhotos,OBJECTID
SurfaceWaterPhotos.GlobalID,0,dbo,SurfaceWaterPhotos,GlobalID
sysdiagrams.name,0,dbo,sysdiagrams,name
sysdiagrams.principal_id,0,dbo,sysdiagrams,principal_id
sysdiagrams.diagram_id,0,dbo,sysdiagrams,diagram_id
sysdiagrams.version,0,dbo,sysdiagrams,version
sysdiagrams.definition,0,dbo,sysdiagrams,definition
Tbl_PublicReleaseSitesInfo.ObjectID,0,dbo,Tbl_PublicReleaseSitesInfo,ObjectID
Tbl_PublicReleaseSitesInfo.PointID,0,dbo,Tbl_PublicReleaseSitesInfo,PointID
Tbl_PublicReleaseSitesInfo.SiteID,0,dbo,Tbl_PublicReleaseSitesInfo,SiteID
Tbl_PublicReleaseSitesInfo.Easting,0,dbo,Tbl_PublicReleaseSitesInfo,Easting
Tbl_PublicReleaseSitesInfo.Northing,0,dbo,Tbl_PublicReleaseSitesInfo,Northing
Tbl_PublicReleaseSitesInfo.Altitude,0,dbo,Tbl_PublicReleaseSitesInfo,Altitude
Tbl_PublicReleaseSitesInfo.OSEWellID,0,dbo,Tbl_PublicReleaseSitesInfo,OSEWellID
Tbl_PublicReleaseSitesInfo.HoleDepth,0,dbo,Tbl_PublicReleaseSitesInfo,HoleDepth
Tbl_PublicReleaseSitesInfo.WellDepth,0,dbo,Tbl_PublicReleaseSitesInfo,WellDepth
Tbl_PublicReleaseSitesInfo.FormationZone,0,dbo,Tbl_PublicReleaseSitesInfo,FormationZone
Tbl_PublicReleaseSitesInfo.Geometry,0,dbo,Tbl_PublicReleaseSitesInfo,Geometry
Tbl_PublicReleaseSitesInfo_ProjectNameIncluded.ObjectID,0,dbo,Tbl_PublicReleaseSitesInfo_ProjectNameIncluded,ObjectID
Tbl_PublicReleaseSitesInfo_ProjectNameIncluded.PointID,0,dbo,Tbl_PublicReleaseSitesInfo_ProjectNameIncluded,PointID
Tbl_PublicReleaseSitesInfo_ProjectNameIncluded.SiteID,0,dbo,Tbl_PublicReleaseSitesInfo_ProjectNameIncluded,SiteID
Tbl_PublicReleaseSitesInfo_ProjectNameIncluded.Easting,0,dbo,Tbl_PublicReleaseSitesInfo_ProjectNameIncluded,Easting
Tbl_PublicReleaseSitesInfo_ProjectNameIncluded.Northing,0,dbo,Tbl_PublicReleaseSitesInfo_ProjectNameIncluded,Northing
Tbl_PublicReleaseSitesInfo_ProjectNameIncluded.Altitude,0,dbo,Tbl_PublicReleaseSitesInfo_ProjectNameIncluded,Altitude
Tbl_PublicReleaseSitesInfo_ProjectNameIncluded.OSEWellID,0,dbo,Tbl_PublicReleaseSitesInfo_ProjectNameIncluded,OSEWellID
Tbl_PublicReleaseSitesInfo_ProjectNameIncluded.HoleDepth,0,dbo,Tbl_PublicReleaseSitesInfo_ProjectNameIncluded,HoleDepth
Tbl_PublicReleaseSitesInfo_ProjectNameIncluded.WellDepth,0,dbo,Tbl_PublicReleaseSitesInfo_ProjectNameIncluded,WellDepth
Tbl_PublicReleaseSitesInfo_ProjectNameIncluded.FormationZone,0,dbo,Tbl_PublicReleaseSitesInfo_ProjectNameIncluded,FormationZone
Tbl_PublicReleaseSitesInfo_ProjectNameIncluded.ProjectName,0,dbo,Tbl_PublicReleaseSitesInfo_ProjectNameIncluded,ProjectName
Tbl_PublicReleaseSitesInfo_ProjectNameIncluded.MonitoringStatus,0,dbo,Tbl_PublicReleaseSitesInfo_ProjectNameIncluded,MonitoringStatus
Tbl_PublicReleaseSitesInfo_ProjectNameIncluded.Geometry,0,dbo,Tbl_PublicReleaseSitesInfo_ProjectNameIncluded,Geometry
Tbl_TaosWLS.LocationId,0,dbo,Tbl_TaosWLS,LocationId
Tbl_TaosWLS.PointID,0,dbo,Tbl_TaosWLS,PointID
Tbl_TaosWLS.Easting,0,dbo,Tbl_TaosWLS,Easting
Tbl_TaosWLS.Northing,0,dbo,Tbl_TaosWLS,Northing
Tbl_TaosWLS.UTMDatum,0,dbo,Tbl_TaosWLS,UTMDatum
Tbl_TaosWLS.Altitude,0,dbo,Tbl_TaosWLS,Altitude
Tbl_TaosWLS.County,0,dbo,Tbl_TaosWLS,County
Tbl_TaosWLS.State,0,dbo,Tbl_TaosWLS,State
Tbl_TaosWLS.PublicRelease,0,dbo,Tbl_TaosWLS,PublicRelease
Tbl_TaosWLS.Expr1,0,dbo,Tbl_TaosWLS,Expr1
Tbl_TaosWLS.WellID,0,dbo,Tbl_TaosWLS,WellID
Tbl_TaosWLS.Expr2,0,dbo,Tbl_TaosWLS,Expr2
Tbl_TaosWLS.OSEWellID,0,dbo,Tbl_TaosWLS,OSEWellID
Tbl_TaosWLS.HoleDepth,0,dbo,Tbl_TaosWLS,HoleDepth
Tbl_TaosWLS.WellDepth,0,dbo,Tbl_TaosWLS,WellDepth
Tbl_TaosWLS.DepthSource,0,dbo,Tbl_TaosWLS,DepthSource
Tbl_TaosWLS.CompletionDate,0,dbo,Tbl_TaosWLS,CompletionDate
Tbl_TaosWLS.CompletionSource,0,dbo,Tbl_TaosWLS,CompletionSource
Tbl_TaosWLS.CasingDiameter,0,dbo,Tbl_TaosWLS,CasingDiameter
Tbl_TaosWLS.CasingDepth,0,dbo,Tbl_TaosWLS,CasingDepth
Tbl_TaosWLS.FormationZone,0,dbo,Tbl_TaosWLS,FormationZone
Tbl_TaosWLS.Status,0,dbo,Tbl_TaosWLS,Status
Tbl_TaosWLS.DataSource,0,dbo,Tbl_TaosWLS,DataSource
Tbl_TaosWLS.Expr3,0,dbo,Tbl_TaosWLS,Expr3
Tbl_TaosWLS.Expr4,0,dbo,Tbl_TaosWLS,Expr4
Tbl_TaosWLS.DateMeasured,0,dbo,Tbl_TaosWLS,DateMeasured
Tbl_TaosWLS.TimeMeasured,0,dbo,Tbl_TaosWLS,TimeMeasured
Tbl_TaosWLS.TimeDatum,0,dbo,Tbl_TaosWLS,TimeDatum
Tbl_TaosWLS.DepthToWaterBGS,0,dbo,Tbl_TaosWLS,DepthToWaterBGS
Tbl_TaosWLS.LevelStatus,0,dbo,Tbl_TaosWLS,LevelStatus
Tbl_TaosWLS.DataQuality,0,dbo,Tbl_TaosWLS,DataQuality
Tbl_TaosWLS.MeasurementMethod,0,dbo,Tbl_TaosWLS,MeasurementMethod
Tbl_TaosWLS.Expr6,0,dbo,Tbl_TaosWLS,Expr6
Tbl_TaosWLS.MeasuringAgency,0,dbo,Tbl_TaosWLS,MeasuringAgency
Tbl_TaosWLS.Expr5,0,dbo,Tbl_TaosWLS,Expr5
Tbl_TaosWSC.LocationId,0,dbo,Tbl_TaosWSC,LocationId
Tbl_TaosWSC.PointID,0,dbo,Tbl_TaosWSC,PointID
Tbl_TaosWSC.Easting,0,dbo,Tbl_TaosWSC,Easting
Tbl_TaosWSC.Northing,0,dbo,Tbl_TaosWSC,Northing
Tbl_TaosWSC.UTMDatum,0,dbo,Tbl_TaosWSC,UTMDatum
Tbl_TaosWSC.Altitude,0,dbo,Tbl_TaosWSC,Altitude
Tbl_TaosWSC.County,0,dbo,Tbl_TaosWSC,County
Tbl_TaosWSC.State,0,dbo,Tbl_TaosWSC,State
Tbl_TaosWSC.PublicRelease,0,dbo,Tbl_TaosWSC,PublicRelease
Tbl_TaosWSC.Expr1,0,dbo,Tbl_TaosWSC,Expr1
Tbl_TaosWSC.WellID,0,dbo,Tbl_TaosWSC,WellID
Tbl_TaosWSC.Expr2,0,dbo,Tbl_TaosWSC,Expr2
Tbl_TaosWSC.OSEWellID,0,dbo,Tbl_TaosWSC,OSEWellID
Tbl_TaosWSC.HoleDepth,0,dbo,Tbl_TaosWSC,HoleDepth
Tbl_TaosWSC.WellDepth,0,dbo,Tbl_TaosWSC,WellDepth
Tbl_TaosWSC.DepthSource,0,dbo,Tbl_TaosWSC,DepthSource
Tbl_TaosWSC.CompletionDate,0,dbo,Tbl_TaosWSC,CompletionDate
Tbl_TaosWSC.CompletionSource,0,dbo,Tbl_TaosWSC,CompletionSource
Tbl_TaosWSC.CasingDiameter,0,dbo,Tbl_TaosWSC,CasingDiameter
Tbl_TaosWSC.CasingDepth,0,dbo,Tbl_TaosWSC,CasingDepth
Tbl_TaosWSC.FormationZone,0,dbo,Tbl_TaosWSC,FormationZone
Tbl_TaosWSC.Status,0,dbo,Tbl_TaosWSC,Status
Tbl_TaosWSC.DataSource,0,dbo,Tbl_TaosWSC,DataSource
Tbl_TaosWSC.Expr3,0,dbo,Tbl_TaosWSC,Expr3
Tbl_TaosWSC.Expr4,0,dbo,Tbl_TaosWSC,Expr4
Tbl_TaosWSC.DateMeasured,0,dbo,Tbl_TaosWSC,DateMeasured
Tbl_TaosWSC.TimeMeasured,0,dbo,Tbl_TaosWSC,TimeMeasured
Tbl_TaosWSC.TimeDatum,0,dbo,Tbl_TaosWSC,TimeDatum
Tbl_TaosWSC.DepthToWaterBGS,0,dbo,Tbl_TaosWSC,DepthToWaterBGS
Tbl_TaosWSC.LevelStatus,0,dbo,Tbl_TaosWSC,LevelStatus
Tbl_TaosWSC.DataQuality,0,dbo,Tbl_TaosWSC,DataQuality
Tbl_TaosWSC.MeasurementMethod,0,dbo,Tbl_TaosWSC,MeasurementMethod
Tbl_TaosWSC.Expr8,0,dbo,Tbl_TaosWSC,Expr8
Tbl_TaosWSC.MeasuringAgency,0,dbo,Tbl_TaosWSC,MeasuringAgency
Tbl_TaosWSC.Expr5,0,dbo,Tbl_TaosWSC,Expr5
Tbl_TaosWSC.Expr6,0,dbo,Tbl_TaosWSC,Expr6
Tbl_TaosWSC.Expr7,0,dbo,Tbl_TaosWSC,Expr7
Tbl_TaosWSC.ScreenBottom,0,dbo,Tbl_TaosWSC,ScreenBottom
Tbl_TaosWSC.ScreenTop,0,dbo,Tbl_TaosWSC,ScreenTop
tblAudit.strguid,0,dbo,tblAudit,strguid
tblAudit.Objectid2,0,dbo,tblAudit,Objectid2
tblAudit.FieldChanged,0,dbo,tblAudit,FieldChanged
tblAudit.FieldChangedFrom,0,dbo,tblAudit,FieldChangedFrom
tblAudit.FieldChangedTo,0,dbo,tblAudit,FieldChangedTo
tblAudit.User,0,dbo,tblAudit,User
tblAudit.DateOfHit,0,dbo,tblAudit,DateOfHit
tblAudit.Form,0,dbo,tblAudit,Form
tblAudit.glblguid,0,dbo,tblAudit,glblguid
tblAudit.SSMA_TimeStamp,0,dbo,tblAudit,SSMA_TimeStamp
TblLoadPDF.OleID,0,dbo,TblLoadPDF,OleID
TblLoadPDF.WellPdf,0,dbo,TblLoadPDF,WellPdf
TblLoadPDF.WellOLE,0,dbo,TblLoadPDF,WellOLE
TblLoadPDF.SurfaceWaterOLE,0,dbo,TblLoadPDF,SurfaceWaterOLE
TblLoadPDF.WeatherOLE,0,dbo,TblLoadPDF,WeatherOLE
TblLoadPDF.AssociatedOLD,0,dbo,TblLoadPDF,AssociatedOLD
Temp_forDTW_bgs.PointID,0,dbo,Temp_forDTW_bgs,PointID
Temp_forDTW_bgs.DateMeasured,0,dbo,Temp_forDTW_bgs,DateMeasured
Temp_forDTW_bgs.DepthToWater,0,dbo,Temp_forDTW_bgs,DepthToWater
Temp_forDTW_bgs.DepthToWaterBGS,0,dbo,Temp_forDTW_bgs,DepthToWaterBGS
Temp_forDTW_bgs.SSMA_TimeStamp,0,dbo,Temp_forDTW_bgs,SSMA_TimeStamp
'TWDB_AllCty_WQSites&ChemUsed$'.ID,0,dbo,'TWDB_AllCty_WQSites&ChemUsed$',ID
'TWDB_AllCty_WQSites&ChemUsed$'.AlternateSiteID,0,dbo,'TWDB_AllCty_WQSites&ChemUsed$',AlternateSiteID
'TWDB_AllCty_WQSites&ChemUsed$'.Date,0,dbo,'TWDB_AllCty_WQSites&ChemUsed$',Date
'TWDB_AllCty_WQSites&ChemUsed$'.CollectionNotes,0,dbo,'TWDB_AllCty_WQSites&ChemUsed$',CollectionNotes
'TWDB_AllCty_WQSites&ChemUsed$'.SampleNumber,0,dbo,'TWDB_AllCty_WQSites&ChemUsed$',SampleNumber
'TWDB_AllCty_WQSites&ChemUsed$'.ParameterDescription,0,dbo,'TWDB_AllCty_WQSites&ChemUsed$',ParameterDescription
'TWDB_AllCty_WQSites&ChemUsed$'.ParameterFlag,0,dbo,'TWDB_AllCty_WQSites&ChemUsed$',ParameterFlag
'TWDB_AllCty_WQSites&ChemUsed$'.ParameterValue,0,dbo,'TWDB_AllCty_WQSites&ChemUsed$',ParameterValue
'TWDB_AllCty_WQSites&ChemUsed$'.ParameterUnit,0,dbo,'TWDB_AllCty_WQSites&ChemUsed$',ParameterUnit
'TWDB_AllCty_WQSites&ChemUsed$'.CollectionRemarks,0,dbo,'TWDB_AllCty_WQSites&ChemUsed$',CollectionRemarks
'TWDB_AllCty_WQSites&ChemUsed$'.Aquifer,0,dbo,'TWDB_AllCty_WQSites&ChemUsed$',Aquifer
'TWDB_AllCty_WQSites&ChemUsed$'.AquiferCode,0,dbo,'TWDB_AllCty_WQSites&ChemUsed$',AquiferCode
'TWDB_AllCty_WQSites&ChemUsed$'.WellDepth,0,dbo,'TWDB_AllCty_WQSites&ChemUsed$',WellDepth
'TWDB_AllCty_WQSites&ChemUsed$'.PlusMinus,0,dbo,'TWDB_AllCty_WQSites&ChemUsed$',PlusMinus
'TWDB_AllCty_WQSites&ChemUsed$'.LatitudeDD,0,dbo,'TWDB_AllCty_WQSites&ChemUsed$',LatitudeDD
'TWDB_AllCty_WQSites&ChemUsed$'.LongitudeDD,0,dbo,'TWDB_AllCty_WQSites&ChemUsed$',LongitudeDD
'TWDB_AllCty_WQSites&ChemUsed$'.EntityId,0,dbo,'TWDB_AllCty_WQSites&ChemUsed$',EntityId
'TWDB_AllCty_WQSites&ChemUsed$'.LabId,0,dbo,'TWDB_AllCty_WQSites&ChemUsed$',LabId
'TWDB_AllCty_WQSites&ChemUsed$'.Time,0,dbo,'TWDB_AllCty_WQSites&ChemUsed$',Time
'TWDB_AllCty_WQSites&ChemUsed$'.ReliabilityId,0,dbo,'TWDB_AllCty_WQSites&ChemUsed$',ReliabilityId
'TWDB_AllCty_WQSites&ChemUsed$'.ParameterCode,0,dbo,'TWDB_AllCty_WQSites&ChemUsed$',ParameterCode
'TWDB_AllCty_WQSites&ChemUsed$'.LocationId,0,dbo,'TWDB_AllCty_WQSites&ChemUsed$',LocationId
USGS_WLs_2018_ForSitesInDB.PointID,0,dbo,USGS_WLs_2018_ForSitesInDB,PointID
USGS_WLs_2018_ForSitesInDB.USGS_Site_ID,0,dbo,USGS_WLs_2018_ForSitesInDB,USGS_Site_ID
USGS_WLs_2018_ForSitesInDB.Formatted_WL_Date,0,dbo,USGS_WLs_2018_ForSitesInDB,Formatted_WL_Date
USGS_WLs_2018_ForSitesInDB.WL_Time,0,dbo,USGS_WLs_2018_ForSitesInDB,WL_Time
USGS_WLs_2018_ForSitesInDB.WL_Time_Datum,0,dbo,USGS_WLs_2018_ForSitesInDB,WL_Time_Datum
USGS_WLs_2018_ForSitesInDB.Time_Datum_Reliability,0,dbo,USGS_WLs_2018_ForSitesInDB,Time_Datum_Reliability
USGS_WLs_2018_ForSitesInDB.Added_day_to_WL_date,0,dbo,USGS_WLs_2018_ForSitesInDB,Added_day_to_WL_date
USGS_WLs_2018_ForSitesInDB.Added_month_day_to_WL_date,0,dbo,USGS_WLs_2018_ForSitesInDB,Added_month_day_to_WL_date
USGS_WLs_2018_ForSitesInDB.WL__BGS_,0,dbo,USGS_WLs_2018_ForSitesInDB,WL__BGS_
USGS_WLs_2018_ForSitesInDB.WL__BMP_,0,dbo,USGS_WLs_2018_ForSitesInDB,WL__BMP_
USGS_WLs_2018_ForSitesInDB.WL_Accy,0,dbo,USGS_WLs_2018_ForSitesInDB,WL_Accy
USGS_WLs_2018_ForSitesInDB.WL_Status,0,dbo,USGS_WLs_2018_ForSitesInDB,WL_Status
USGS_WLs_2018_ForSitesInDB.WL_Method,0,dbo,USGS_WLs_2018_ForSitesInDB,WL_Method
USGS_WLs_2018_ForSitesInDB.ID,0,dbo,USGS_WLs_2018_ForSitesInDB,ID
usgswls.ID,0,dbo,usgswls,ID
usgswls.agency,0,dbo,usgswls,agency
usgswls.usgsno,0,dbo,usgswls,usgsno
usgswls.date,0,dbo,usgswls,date
usgswls.WL,0,dbo,usgswls,WL
usgswls.PointID,0,dbo,usgswls,PointID
view_NGWMN_Lithology.PointID,451,dbo,view_NGWMN_Lithology,PointID
view_NGWMN_Lithology.Lithology,451,dbo,view_NGWMN_Lithology,Lithology
view_NGWMN_Lithology.TERM,451,dbo,view_NGWMN_Lithology,TERM
view_NGWMN_Lithology.StratSource,368,dbo,view_NGWMN_Lithology,StratSource
view_NGWMN_Lithology.StratTop,451,dbo,view_NGWMN_Lithology,StratTop
view_NGWMN_Lithology.StratTopUnit,451,dbo,view_NGWMN_Lithology,StratTopUnit
view_NGWMN_Lithology.StratBottom,451,dbo,view_NGWMN_Lithology,StratBottom
view_NGWMN_Lithology.StratBottomUnit,451,dbo,view_NGWMN_Lithology,StratBottomUnit
view_NGWMN_Lithology.OBJECTID,451,dbo,view_NGWMN_Lithology,OBJECTID
view_NGWMN_WaterLevels.PointID,66264,dbo,view_NGWMN_WaterLevels,PointID
view_NGWMN_WaterLevels.DateMeasured,66264,dbo,view_NGWMN_WaterLevels,DateMeasured
view_NGWMN_WaterLevels.DepthToWaterBGS,65949,dbo,view_NGWMN_WaterLevels,DepthToWaterBGS
view_NGWMN_WaterLevels.WLUnits,66264,dbo,view_NGWMN_WaterLevels,WLUnits
view_NGWMN_WaterLevels.MeasurementMethod,63352,dbo,view_NGWMN_WaterLevels,MeasurementMethod
view_NGWMN_WaterLevels.WLAccuracy,10905,dbo,view_NGWMN_WaterLevels,WLAccuracy
view_NGWMN_WaterLevels.PublicRelease,66264,dbo,view_NGWMN_WaterLevels,PublicRelease
view_NGWMN_WellConstruction.PointID,39323,dbo,view_NGWMN_WellConstruction,PointID
view_NGWMN_WellConstruction.CasingTop,3243,dbo,view_NGWMN_WellConstruction,CasingTop
view_NGWMN_WellConstruction.CasingBottom,3243,dbo,view_NGWMN_WellConstruction,CasingBottom
view_NGWMN_WellConstruction.CasingDepthUnits,3243,dbo,view_NGWMN_WellConstruction,CasingDepthUnits
view_NGWMN_WellConstruction.ScreenTop,3702,dbo,view_NGWMN_WellConstruction,ScreenTop
view_NGWMN_WellConstruction.ScreenBottom,3698,dbo,view_NGWMN_WellConstruction,ScreenBottom
view_NGWMN_WellConstruction.ScreenBottomUnit,3698,dbo,view_NGWMN_WellConstruction,ScreenBottomUnit
view_NGWMN_WellConstruction.ScreenDescription,43,dbo,view_NGWMN_WellConstruction,ScreenDescription
view_NGWMN_WellConstruction.CasingDescription,73,dbo,view_NGWMN_WellConstruction,CasingDescription
view_SITEWATERLEVELS_Date.PointID,0,dbo,view_SITEWATERLEVELS_Date,PointID
view_SITEWATERLEVELS_Date.DateMeasued,0,dbo,view_SITEWATERLEVELS_Date,DateMeasued
view_SITEWATERLEVELS_Date.DepthToWaterBGS,0,dbo,view_SITEWATERLEVELS_Date,DepthToWaterBGS
view_SITEWATERLEVELS_Date.MeasurementMethod,0,dbo,view_SITEWATERLEVELS_Date,MeasurementMethod
view_SITEWATERLEVELS_Date.LevelStatus,0,dbo,view_SITEWATERLEVELS_Date,LevelStatus
view_SITEWATERLEVELS_Date.DataSource,0,dbo,view_SITEWATERLEVELS_Date,DataSource
view_SITEWATERLEVELS_Date.MeasuringAgency,0,dbo,view_SITEWATERLEVELS_Date,MeasuringAgency
WaterLevels.WellID,406136,dbo,WaterLevels,WellID
WaterLevels.PointID,406136,dbo,WaterLevels,PointID
WaterLevels.OBJECTID,406136,dbo,WaterLevels,OBJECTID
WaterLevels.DepthToWater,402178,dbo,WaterLevels,DepthToWater
WaterLevels.DepthToWaterBGS,403598,dbo,WaterLevels,DepthToWaterBGS
WaterLevels.LevelStatus,36110,dbo,WaterLevels,LevelStatus
WaterLevels.DataQuality,334252,dbo,WaterLevels,DataQuality
WaterLevels.MPHeight,399109,dbo,WaterLevels,MPHeight
WaterLevels.MeasurementMethod,406132,dbo,WaterLevels,MeasurementMethod
WaterLevels.MeasuredBy,28589,dbo,WaterLevels,MeasuredBy
WaterLevels.DataSource,403643,dbo,WaterLevels,DataSource
WaterLevels.MeasuringAgency,383025,dbo,WaterLevels,MeasuringAgency
WaterLevels.SiteNotes,78045,dbo,WaterLevels,SiteNotes
WaterLevels.LevelStatement,397,dbo,WaterLevels,LevelStatement
WaterLevels.GlobalID,406136,dbo,WaterLevels,GlobalID
WaterLevels.SSMA_TimeStamp,406136,dbo,WaterLevels,SSMA_TimeStamp
WaterLevels.PublicRelease,406136,dbo,WaterLevels,PublicRelease
WaterLevels.Geometry,0,dbo,WaterLevels,Geometry
WaterLevels.DateMeasured,406136,dbo,WaterLevels,DateMeasured
WaterLevels.TimeMeasured,5684,dbo,WaterLevels,TimeMeasured
WaterLevels.TimeDatum,5617,dbo,WaterLevels,TimeDatum
WaterLevels_archive.WellID,0,dbo,WaterLevels_archive,WellID
WaterLevels_archive.PointID,0,dbo,WaterLevels_archive,PointID
WaterLevels_archive.OBJECTID,0,dbo,WaterLevels_archive,OBJECTID
WaterLevels_archive.DateMeasured_old,0,dbo,WaterLevels_archive,DateMeasured_old
WaterLevels_archive.DepthToWater,0,dbo,WaterLevels_archive,DepthToWater
WaterLevels_archive.DepthToWaterBGS,0,dbo,WaterLevels_archive,DepthToWaterBGS
WaterLevels_archive.LevelStatus,0,dbo,WaterLevels_archive,LevelStatus
WaterLevels_archive.DataQuality,0,dbo,WaterLevels_archive,DataQuality
WaterLevels_archive.MPHeight,0,dbo,WaterLevels_archive,MPHeight
WaterLevels_archive.MeasurementMethod,0,dbo,WaterLevels_archive,MeasurementMethod
WaterLevels_archive.MeasuredBy,0,dbo,WaterLevels_archive,MeasuredBy
WaterLevels_archive.DataSource,0,dbo,WaterLevels_archive,DataSource
WaterLevels_archive.MeasuringAgency,0,dbo,WaterLevels_archive,MeasuringAgency
WaterLevels_archive.SiteNotes,0,dbo,WaterLevels_archive,SiteNotes
WaterLevels_archive.LevelStatement,0,dbo,WaterLevels_archive,LevelStatement
WaterLevels_archive.GlobalID,0,dbo,WaterLevels_archive,GlobalID
WaterLevels_archive.SSMA_TimeStamp,0,dbo,WaterLevels_archive,SSMA_TimeStamp
WaterLevels_archive.PublicRelease,0,dbo,WaterLevels_archive,PublicRelease
WaterLevels_archive.Geometry,0,dbo,WaterLevels_archive,Geometry
WaterLevels_archive.DateMeasured,0,dbo,WaterLevels_archive,DateMeasured
WaterLevels_archive.TimeMeasured,0,dbo,WaterLevels_archive,TimeMeasured
WaterLevels_archive.TimeDatum,0,dbo,WaterLevels_archive,TimeDatum
WaterLevels_bak.WellID,0,dbo,WaterLevels_bak,WellID
WaterLevels_bak.PointID,0,dbo,WaterLevels_bak,PointID
WaterLevels_bak.OBJECTID,0,dbo,WaterLevels_bak,OBJECTID
WaterLevels_bak.DepthToWater,0,dbo,WaterLevels_bak,DepthToWater
WaterLevels_bak.DepthToWaterBGS,0,dbo,WaterLevels_bak,DepthToWaterBGS
WaterLevels_bak.LevelStatus,0,dbo,WaterLevels_bak,LevelStatus
WaterLevels_bak.DataQuality,0,dbo,WaterLevels_bak,DataQuality
WaterLevels_bak.MPHeight,0,dbo,WaterLevels_bak,MPHeight
WaterLevels_bak.MeasurementMethod,0,dbo,WaterLevels_bak,MeasurementMethod
WaterLevels_bak.MeasuredBy,0,dbo,WaterLevels_bak,MeasuredBy
WaterLevels_bak.DataSource,0,dbo,WaterLevels_bak,DataSource
WaterLevels_bak.MeasuringAgency,0,dbo,WaterLevels_bak,MeasuringAgency
WaterLevels_bak.SiteNotes,0,dbo,WaterLevels_bak,SiteNotes
WaterLevels_bak.LevelStatement,0,dbo,WaterLevels_bak,LevelStatement
WaterLevels_bak.GlobalID,0,dbo,WaterLevels_bak,GlobalID
WaterLevels_bak.SSMA_TimeStamp,0,dbo,WaterLevels_bak,SSMA_TimeStamp
WaterLevels_bak.PublicRelease,0,dbo,WaterLevels_bak,PublicRelease
WaterLevels_bak.Geometry,0,dbo,WaterLevels_bak,Geometry
WaterLevels_bak.DateMeasured,0,dbo,WaterLevels_bak,DateMeasured
WaterLevels_bak.TimeMeasured,0,dbo,WaterLevels_bak,TimeMeasured
WaterLevels_bak.TimeDatum,0,dbo,WaterLevels_bak,TimeDatum
WaterLevelsContinuous_Acoustic.GlobalID,485263,dbo,WaterLevelsContinuous_Acoustic,GlobalID
WaterLevelsContinuous_Acoustic.OBJECTID,485263,dbo,WaterLevelsContinuous_Acoustic,OBJECTID
WaterLevelsContinuous_Acoustic.WellID,485263,dbo,WaterLevelsContinuous_Acoustic,WellID
WaterLevelsContinuous_Acoustic.PointID,485263,dbo,WaterLevelsContinuous_Acoustic,PointID
WaterLevelsContinuous_Acoustic.DateMeasured,485263,dbo,WaterLevelsContinuous_Acoustic,DateMeasured
WaterLevelsContinuous_Acoustic.TemperatureAir,480855,dbo,WaterLevelsContinuous_Acoustic,TemperatureAir
WaterLevelsContinuous_Acoustic.DepthToWaterBGS,485263,dbo,WaterLevelsContinuous_Acoustic,DepthToWaterBGS
WaterLevelsContinuous_Acoustic.MeasurementMethod,485263,dbo,WaterLevelsContinuous_Acoustic,MeasurementMethod
WaterLevelsContinuous_Acoustic.DataSource,485263,dbo,WaterLevelsContinuous_Acoustic,DataSource
WaterLevelsContinuous_Acoustic.MeasuringAgency,485263,dbo,WaterLevelsContinuous_Acoustic,MeasuringAgency
WaterLevelsContinuous_Acoustic.Notes,0,dbo,WaterLevelsContinuous_Acoustic,Notes
WaterLevelsContinuous_Acoustic.SerialNo,0,dbo,WaterLevelsContinuous_Acoustic,SerialNo
WaterLevelsContinuous_Acoustic.PreProcessDataField,427350,dbo,WaterLevelsContinuous_Acoustic,PreProcessDataField
WaterLevelsContinuous_Acoustic.ServerReceiptDate,0,dbo,WaterLevelsContinuous_Acoustic,ServerReceiptDate
WaterLevelsContinuous_Acoustic.WellntelReadingType,0,dbo,WaterLevelsContinuous_Acoustic,WellntelReadingType
WaterLevelsContinuous_Acoustic.SensorHgtAboveMP,0,dbo,WaterLevelsContinuous_Acoustic,SensorHgtAboveMP
WaterLevelsContinuous_Acoustic.SpeakerToMicLength,0,dbo,WaterLevelsContinuous_Acoustic,SpeakerToMicLength
WaterLevelsContinuous_Acoustic.PublicRelease,485263,dbo,WaterLevelsContinuous_Acoustic,PublicRelease
WaterLevelsContinuous_Acoustic.Created,485263,dbo,WaterLevelsContinuous_Acoustic,Created
WaterLevelsContinuous_Acoustic.EventID,0,dbo,WaterLevelsContinuous_Acoustic,EventID
WaterLevelsContinuous_Acoustic.ImportID,0,dbo,WaterLevelsContinuous_Acoustic,ImportID
WaterLevelsContinuous_Acoustic_Daily.GlobalID,0,dbo,WaterLevelsContinuous_Acoustic_Daily,GlobalID
WaterLevelsContinuous_Acoustic_Daily.OBJECTID,0,dbo,WaterLevelsContinuous_Acoustic_Daily,OBJECTID
WaterLevelsContinuous_Acoustic_Daily.WellID,0,dbo,WaterLevelsContinuous_Acoustic_Daily,WellID
WaterLevelsContinuous_Acoustic_Daily.PointID,0,dbo,WaterLevelsContinuous_Acoustic_Daily,PointID
WaterLevelsContinuous_Acoustic_Daily.DateMeasured,0,dbo,WaterLevelsContinuous_Acoustic_Daily,DateMeasured
WaterLevelsContinuous_Acoustic_Daily.TemperatureAir,0,dbo,WaterLevelsContinuous_Acoustic_Daily,TemperatureAir
WaterLevelsContinuous_Acoustic_Daily.DepthToWaterBGS,0,dbo,WaterLevelsContinuous_Acoustic_Daily,DepthToWaterBGS
WaterLevelsContinuous_Acoustic_Daily.MeasurementMethod,0,dbo,WaterLevelsContinuous_Acoustic_Daily,MeasurementMethod
WaterLevelsContinuous_Acoustic_Daily.DataSource,0,dbo,WaterLevelsContinuous_Acoustic_Daily,DataSource
WaterLevelsContinuous_Acoustic_Daily.MeasuringAgency,0,dbo,WaterLevelsContinuous_Acoustic_Daily,MeasuringAgency
WaterLevelsContinuous_Acoustic_Daily.Notes,0,dbo,WaterLevelsContinuous_Acoustic_Daily,Notes
WaterLevelsContinuous_Acoustic_Daily.SerialNo,0,dbo,WaterLevelsContinuous_Acoustic_Daily,SerialNo
WaterLevelsContinuous_Acoustic_Daily.PreProcessDataField,0,dbo,WaterLevelsContinuous_Acoustic_Daily,PreProcessDataField
WaterLevelsContinuous_Acoustic_Daily.ServerReceiptDate,0,dbo,WaterLevelsContinuous_Acoustic_Daily,ServerReceiptDate
WaterLevelsContinuous_Acoustic_Daily.WellntelReadingType,0,dbo,WaterLevelsContinuous_Acoustic_Daily,WellntelReadingType
WaterLevelsContinuous_Acoustic_Daily.SensorHgtAboveMP,0,dbo,WaterLevelsContinuous_Acoustic_Daily,SensorHgtAboveMP
WaterLevelsContinuous_Acoustic_Daily.SpeakerToMicLength,0,dbo,WaterLevelsContinuous_Acoustic_Daily,SpeakerToMicLength
WaterLevelsContinuous_Acoustic_Daily.PublicRelease,0,dbo,WaterLevelsContinuous_Acoustic_Daily,PublicRelease
WaterLevelsContinuous_Acoustic_Daily.Created,0,dbo,WaterLevelsContinuous_Acoustic_Daily,Created
WaterLevelsContinuous_Acoustic_Daily.EventID,0,dbo,WaterLevelsContinuous_Acoustic_Daily,EventID
WaterLevelsContinuous_Acoustic_Daily.ImportID,0,dbo,WaterLevelsContinuous_Acoustic_Daily,ImportID
WaterLevelsContinuous_Pressure.GlobalID,2540888,dbo,WaterLevelsContinuous_Pressure,GlobalID
WaterLevelsContinuous_Pressure.OBJECTID,2540888,dbo,WaterLevelsContinuous_Pressure,OBJECTID
WaterLevelsContinuous_Pressure.WellID,2540888,dbo,WaterLevelsContinuous_Pressure,WellID
WaterLevelsContinuous_Pressure.PointID,2540888,dbo,WaterLevelsContinuous_Pressure,PointID
WaterLevelsContinuous_Pressure.DateMeasured,2540888,dbo,WaterLevelsContinuous_Pressure,DateMeasured
WaterLevelsContinuous_Pressure.TemperatureWater,2540888,dbo,WaterLevelsContinuous_Pressure,TemperatureWater
WaterLevelsContinuous_Pressure.WaterHead,2540888,dbo,WaterLevelsContinuous_Pressure,WaterHead
WaterLevelsContinuous_Pressure.WaterHeadAdjusted,2540888,dbo,WaterLevelsContinuous_Pressure,WaterHeadAdjusted
WaterLevelsContinuous_Pressure.DepthToWaterBGS,2540888,dbo,WaterLevelsContinuous_Pressure,DepthToWaterBGS
WaterLevelsContinuous_Pressure.MeasurementMethod,2540888,dbo,WaterLevelsContinuous_Pressure,MeasurementMethod
WaterLevelsContinuous_Pressure.DataSource,2540888,dbo,WaterLevelsContinuous_Pressure,DataSource
WaterLevelsContinuous_Pressure.MeasuringAgency,2540888,dbo,WaterLevelsContinuous_Pressure,MeasuringAgency
WaterLevelsContinuous_Pressure.QCed,2540888,dbo,WaterLevelsContinuous_Pressure,QCed
WaterLevelsContinuous_Pressure.Notes,2540888,dbo,WaterLevelsContinuous_Pressure,Notes
WaterLevelsContinuous_Pressure.Created,2540888,dbo,WaterLevelsContinuous_Pressure,Created
WaterLevelsContinuous_Pressure.Updated,2540888,dbo,WaterLevelsContinuous_Pressure,Updated
WaterLevelsContinuous_Pressure.ProcessedBy,0,dbo,WaterLevelsContinuous_Pressure,ProcessedBy
WaterLevelsContinuous_Pressure.CheckedBy,0,dbo,WaterLevelsContinuous_Pressure,CheckedBy
WaterLevelsContinuous_Pressure.CONDDL (mS/cm),705790,dbo,WaterLevelsContinuous_Pressure,CONDDL (mS/cm)
WaterLevelsContinuous_Pressure_Daily.GlobalID,198675,dbo,WaterLevelsContinuous_Pressure_Daily,GlobalID
WaterLevelsContinuous_Pressure_Daily.OBJECTID,198675,dbo,WaterLevelsContinuous_Pressure_Daily,OBJECTID
WaterLevelsContinuous_Pressure_Daily.WellID,198675,dbo,WaterLevelsContinuous_Pressure_Daily,WellID
WaterLevelsContinuous_Pressure_Daily.PointID,198675,dbo,WaterLevelsContinuous_Pressure_Daily,PointID
WaterLevelsContinuous_Pressure_Daily.DateMeasured,198675,dbo,WaterLevelsContinuous_Pressure_Daily,DateMeasured
WaterLevelsContinuous_Pressure_Daily.TemperatureWater,198675,dbo,WaterLevelsContinuous_Pressure_Daily,TemperatureWater
WaterLevelsContinuous_Pressure_Daily.WaterHead,198675,dbo,WaterLevelsContinuous_Pressure_Daily,WaterHead
WaterLevelsContinuous_Pressure_Daily.WaterHeadAdjusted,198675,dbo,WaterLevelsContinuous_Pressure_Daily,WaterHeadAdjusted
WaterLevelsContinuous_Pressure_Daily.DepthToWaterBGS,198675,dbo,WaterLevelsContinuous_Pressure_Daily,DepthToWaterBGS
WaterLevelsContinuous_Pressure_Daily.MeasurementMethod,198675,dbo,WaterLevelsContinuous_Pressure_Daily,MeasurementMethod
WaterLevelsContinuous_Pressure_Daily.DataSource,198675,dbo,WaterLevelsContinuous_Pressure_Daily,DataSource
WaterLevelsContinuous_Pressure_Daily.MeasuringAgency,198675,dbo,WaterLevelsContinuous_Pressure_Daily,MeasuringAgency
WaterLevelsContinuous_Pressure_Daily.QCed,198675,dbo,WaterLevelsContinuous_Pressure_Daily,QCed
WaterLevelsContinuous_Pressure_Daily.Notes,198675,dbo,WaterLevelsContinuous_Pressure_Daily,Notes
WaterLevelsContinuous_Pressure_Daily.Created,198675,dbo,WaterLevelsContinuous_Pressure_Daily,Created
WaterLevelsContinuous_Pressure_Daily.Updated,198675,dbo,WaterLevelsContinuous_Pressure_Daily,Updated
WaterLevelsContinuous_Pressure_Daily.ProcessedBy,0,dbo,WaterLevelsContinuous_Pressure_Daily,ProcessedBy
WaterLevelsContinuous_Pressure_Daily.CheckedBy,0,dbo,WaterLevelsContinuous_Pressure_Daily,CheckedBy
WaterLevelsContinuous_Pressure_Daily.CONDDL (mS/cm),49015,dbo,WaterLevelsContinuous_Pressure_Daily,CONDDL (mS/cm)
WaterLevelsContinuous_Pressure_Test.GlobalID,0,dbo,WaterLevelsContinuous_Pressure_Test,GlobalID
WaterLevelsContinuous_Pressure_Test.OBJECTID,0,dbo,WaterLevelsContinuous_Pressure_Test,OBJECTID
WaterLevelsContinuous_Pressure_Test.WellID,0,dbo,WaterLevelsContinuous_Pressure_Test,WellID
WaterLevelsContinuous_Pressure_Test.PointID,0,dbo,WaterLevelsContinuous_Pressure_Test,PointID
WaterLevelsContinuous_Pressure_Test.DateMeasured,0,dbo,WaterLevelsContinuous_Pressure_Test,DateMeasured
WaterLevelsContinuous_Pressure_Test.TemperatureWater,0,dbo,WaterLevelsContinuous_Pressure_Test,TemperatureWater
WaterLevelsContinuous_Pressure_Test.WaterHead,0,dbo,WaterLevelsContinuous_Pressure_Test,WaterHead
WaterLevelsContinuous_Pressure_Test.WaterHeadAdjusted,0,dbo,WaterLevelsContinuous_Pressure_Test,WaterHeadAdjusted
WaterLevelsContinuous_Pressure_Test.DepthToWaterBGS,0,dbo,WaterLevelsContinuous_Pressure_Test,DepthToWaterBGS
WaterLevelsContinuous_Pressure_Test.MeasurementMethod,0,dbo,WaterLevelsContinuous_Pressure_Test,MeasurementMethod
WaterLevelsContinuous_Pressure_Test.DataSource,0,dbo,WaterLevelsContinuous_Pressure_Test,DataSource
WaterLevelsContinuous_Pressure_Test.MeasuringAgency,0,dbo,WaterLevelsContinuous_Pressure_Test,MeasuringAgency
WaterLevelsContinuous_Pressure_Test.QCed,0,dbo,WaterLevelsContinuous_Pressure_Test,QCed
WaterLevelsContinuous_Pressure_Test.Notes,0,dbo,WaterLevelsContinuous_Pressure_Test,Notes
WaterLevelsContinuous_Pressure_Test.Created,0,dbo,WaterLevelsContinuous_Pressure_Test,Created
WaterLevelsContinuous_Pressure_Test.Updated,0,dbo,WaterLevelsContinuous_Pressure_Test,Updated
WeatherData.LocationId,63,dbo,WeatherData,LocationId
WeatherData.PointID,63,dbo,WeatherData,PointID
WeatherData.WeatherID,63,dbo,WeatherData,WeatherID
WeatherData.OBJECTID,63,dbo,WeatherData,OBJECTID
WeatherPhotos.WeatherID,0,dbo,WeatherPhotos,WeatherID
WeatherPhotos.PointID,0,dbo,WeatherPhotos,PointID
WeatherPhotos.OLEPath,0,dbo,WeatherPhotos,OLEPath
WeatherPhotos.OBJECTID,0,dbo,WeatherPhotos,OBJECTID
WeatherPhotos.GlobalID,0,dbo,WeatherPhotos,GlobalID
WellData.LocationId,38568,dbo,WellData,LocationId
WellData.WellID,38568,dbo,WellData,WellID
WellData.OBJECTID,38568,dbo,WellData,OBJECTID
WellData.PointID,38568,dbo,WellData,PointID
WellData.OSEWellID,6532,dbo,WellData,OSEWellID
WellData.OSEWelltagID,6,dbo,WellData,OSEWelltagID
WellData.HoleDepth,10357,dbo,WellData,HoleDepth
WellData.WellDepth,27359,dbo,WellData,WellDepth
WellData.DepthSource,28321,dbo,WellData,DepthSource
WellData.CompletionDate,11634,dbo,WellData,CompletionDate
WellData.CompletionSource,11593,dbo,WellData,CompletionSource
WellData.MeasuringPoint,36867,dbo,WellData,MeasuringPoint
WellData.MPHeight,37928,dbo,WellData,MPHeight
WellData.CasingDiameter,6363,dbo,WellData,CasingDiameter
WellData.CasingDepth,2551,dbo,WellData,CasingDepth
WellData.CasingDescription,64,dbo,WellData,CasingDescription
WellData.DrillerName,3688,dbo,WellData,DrillerName
WellData.ConstructionMethod,1785,dbo,WellData,ConstructionMethod
WellData.ConstructionNotes,5369,dbo,WellData,ConstructionNotes
WellData.AquiferType,26199,dbo,WellData,AquiferType
WellData.AqClass,275,dbo,WellData,AqClass
WellData.FormationZone,35164,dbo,WellData,FormationZone
WellData.StaticWater,3136,dbo,WellData,StaticWater
WellData.WaterNotes,5569,dbo,WellData,WaterNotes
WellData.Status,3962,dbo,WellData,Status
WellData.CurrentUse,32723,dbo,WellData,CurrentUse
WellData.StatusUserNotes,1591,dbo,WellData,StatusUserNotes
WellData.MonitoringStatus,2184,dbo,WellData,MonitoringStatus
WellData.OpenWellLoggerOK,38568,dbo,WellData,OpenWellLoggerOK
WellData.MonitorOK,38568,dbo,WellData,MonitorOK
WellData.SampleOK,38568,dbo,WellData,SampleOK
WellData.DataSource,36282,dbo,WellData,DataSource
WellData.Notes,2036,dbo,WellData,Notes
WellData.MonitorGroup,38568,dbo,WellData,MonitorGroup
WellData.WellPdf,2537,dbo,WellData,WellPdf
WellData.MonitorStatusReason,8,dbo,WellData,MonitorStatusReason
WellData.HydrographInterp,0,dbo,WellData,HydrographInterp
WellData.PrimaryUseSite_USGS,27911,dbo,WellData,PrimaryUseSite_USGS
WellData.PrimaryUseWater_USGS,27739,dbo,WellData,PrimaryUseWater_USGS
WellData.SSMA_TimeStamp,38568,dbo,WellData,SSMA_TimeStamp
WellPhotos.WellID,5413,dbo,WellPhotos,WellID
WellPhotos.PointID,5416,dbo,WellPhotos,PointID
WellPhotos.OLEPath,5413,dbo,WellPhotos,OLEPath
WellPhotos.OBJECTID,5416,dbo,WellPhotos,OBJECTID
WellPhotos.GlobalID,5416,dbo,WellPhotos,GlobalID
WellScreens.WellID,3714,dbo,WellScreens,WellID
WellScreens.WDBID,1329,dbo,WellScreens,WDBID
WellScreens.PointID,3714,dbo,WellScreens,PointID
WellScreens.counter,3714,dbo,WellScreens,counter
WellScreens.ScreenTop,3702,dbo,WellScreens,ScreenTop
WellScreens.ScreenBottom,3698,dbo,WellScreens,ScreenBottom
WellScreens.ScreenDescription,43,dbo,WellScreens,ScreenDescription
WellScreens.OBJECTID,3714,dbo,WellScreens,OBJECTID
WellScreens.GlobalID,3714,dbo,WellScreens,GlobalID
WellScreens.SSMA_TimeStamp,3714,dbo,WellScreens,SSMA_TimeStamp
wlsbcw3.ID,0,dbo,wlsbcw3,ID
wlsbcw3.MeasureMethod,0,dbo,wlsbcw3,MeasureMethod
wlsbcw3.Well IDKey,0,dbo,wlsbcw3,Well IDKey
wlsbcw3.Well Name,0,dbo,wlsbcw3,Well Name
wlsbcw3.Status,0,dbo,wlsbcw3,Status
wlsbcw3.MeasureDate,0,dbo,wlsbcw3,MeasureDate
wlsbcw3.BTW_bgs,0,dbo,wlsbcw3,BTW_bgs
wlsbcw3.PointID,0,dbo,wlsbcw3,PointID
