model|input_count|cleaned_count|transferred|issue_percentage
Well|38541|5000|4784|4.32
PointID|Table|Field|Error
BC-0031|WellData|FormationZone|Unknown formation: 231AGZC/230MNKP
BC-0039|WellData|FormationZone|Unknown formation: 221MRSN/221BLUF
BC-0043|WellData|FormationZone|Unknown formation: 210MNCS/211DKOT
BC-0051|WellData|FormationZone|Unknown formation: 211MENF/211PNLK
BC-0057|WellData|FormationZone|Unknown formation: 211MENF/211PNLK
BC-0061|WellData|FormationZone|Unknown formation: 211MENF/211PNLK
BC-0079|WellData|FormationZone|Unknown formation: 231AGZC/230MNKP
BC-0080|WellData|FormationZone|Unknown formation: 231AGZC/230MNKP
BC-0086|WellData|FormationZone|Unknown formation: 231AGZC/230MNKP
BC-0088|WellData|FormationZone|Unknown formation: 310GLOR/300YESO
BC-0162|WellData|FormationZone|Unknown formation: 230MNKP
BC-0221|WellData|FormationZone|Unknown formation: 310GLOR/300YESO
BC-0241|WellData|FormationZone|Unknown formation: 410PRCGf
BC-0268|WellData|FormationZone|Unknown formation: 231AGZC/230MNKP
BC-0269|WellData|FormationZone|Unknown formation: 231AGZC/230MNKP
BC-0272|WellData|FormationZone|Unknown formation: 231AGZC/230MNKP
BC-0317|WellData|FormationZone|Unknown formation: 211MENF/211PNLK
BW-0077|WellData|FormationZone|Unknown formation: 110ALVM/211MVRD
BW-0090|WellData|FormationZone|Unknown formation: 110ALVM/211MVRD
BW-0096|WellData|FormationZone|Unknown formation: 110ALVM/211MVRD
BW-0097|WellData|FormationZone|Unknown formation: 110ALVM/211MVRD
BW-0098|WellData|FormationZone|Unknown formation: 110ALVM/211MVRD
BW-0099|WellData|FormationZone|Unknown formation: 110ALVM/211MVRD
BW-0100|WellData|FormationZone|Unknown formation: 110ALVM/211MVRD
BW-0101|WellData|FormationZone|Unknown formation: 110ALVM/211MVRD
BW-0102|WellData|FormationZone|Unknown formation: 110ALVM/211MVRD
BW-0103|WellData|FormationZone|Unknown formation: 110ALVM/211MVRD
BW-0106|WellData|FormationZone|Unknown formation: 110ALVM/313SADG
BW-0109|WellData|FormationZone|Unknown formation: 110ALVM/300YESO
BW-0115|WellData|FormationZone|Unknown formation: 211MVRD/110ALVM
BW-0116|WellData|FormationZone|Unknown formation: 110ALVM/211MVRD
BW-0119|WellData|FormationZone|Unknown formation: 110ALVM/211MVRD
BW-0120|WellData|FormationZone|Unknown formation: 110ALVM/211MVRD
BW-0132|WellData|FormationZone|Unknown formation: 110ALVM/210MNCS
BW-0137|WellData|FormationZone|Unknown formation: 110ALVM/211MVRD
BW-0138|WellData|FormationZone|Unknown formation: 110ALVM/211MVRD
BW-0142|WellData|FormationZone|Unknown formation: 110ALVM/211MVRD
BW-0143|WellData|FormationZone|Unknown formation: 110ALVM/211MVRD
LC-006|WellData|FormationZone|Unknown formation: 112ANCH/120IRSV
LC-009|WellData|FormationZone|Unknown formation: 112ANCH/120IRSV
LC-010|WellData|FormationZone|Unknown formation: 112ANCH/120IRSV
LC-011|WellData|FormationZone|Unknown formation: 120IRSV/121TSUQe
LC-025|WellData|FormationZone|Unknown formation: 112ANCH/110ALVM
LC-027|WellData|FormationZone|Unknown formation: 121TSUQs/112ANCH
LC-028|WellData|FormationZone|Unknown formation: 112ANCH/120IRSV
MG-039|WellData|FormationZone|Unknown formation: 123DTMGign
MG-041|WellData|FormationZone|Unknown formation: 123DTMGign
MG-043|WellData|FormationZone|Unknown formation: 123DTMGign
MI-0099|WellData|FormationZone|Unknown formation: 211DKOT/217PRGR
MI-0123|WellData|FormationZone|Unknown formation: 211DKOT/217PRGR
MI-0124|WellData|FormationZone|Unknown formation: 211DKOT/217PRGR
MI-0132|WellData|FormationZone|Unknown formation: 211DKOT/217PRGR
MI-0133|WellData|FormationZone|Unknown formation: 211DKOT/217PRGR
MI-0134|WellData|FormationZone|Unknown formation: 211DKOT/217PRGR
MI-0135|WellData|FormationZone|Unknown formation: 211DKOT/217PRGR
MI-0139|WellData|FormationZone|Unknown formation: 211DKOT/217PRGR
MI-0140|WellData|FormationZone|Unknown formation: 211DKOT/217PRGR
MI-0141|WellData|FormationZone|Unknown formation: 211DKOT/217PRGR
MI-0142|WellData|FormationZone|Unknown formation: 211DKOT/217PRGR
MI-0143|WellData|FormationZone|Unknown formation: 211DKOT/217PRGR
MI-0144|WellData|FormationZone|Unknown formation: 211DKOT/217PRGR
MI-0145|WellData|FormationZone|Unknown formation: 211DKOT/217PRGR
MI-0146|WellData|FormationZone|Unknown formation: 211DKOT/217PRGR
MI-0147|WellData|FormationZone|Unknown formation: 211DKOT/217PRGR
MI-0148|WellData|FormationZone|Unknown formation: 211DKOT/217PRGR
MI-0149|WellData|FormationZone|Unknown formation: 211DKOT/217PRGR
MI-0150|WellData|FormationZone|Unknown formation: 211DKOT/217PRGR
MI-0151|WellData|FormationZone|Unknown formation: 211DKOT/217PRGR
MI-0152|WellData|FormationZone|Unknown formation: 211DKOT/217PRGR/221MRSN
MI-0182|WellData|FormationZone|Unknown formation: 211DKOT/217PRGR
MI-0183|WellData|FormationZone|Unknown formation: 211DKOT/217PRGR
MI-0190|WellData|FormationZone|Unknown formation: 211GRRS/211DKOT/217PRGR
MI-0191|WellData|FormationZone|Unknown formation: 211GRRS/211DKOT/217PRGR
MI-0195|WellData|FormationZone|Unknown formation: 211DKOT/217PRGR
MI-0196|WellData|FormationZone|Unknown formation: 211DKOT/217PRGR
MI-0198|WellData|FormationZone|Unknown formation: 211DKOT/217PRGR
MI-0199|WellData|FormationZone|Unknown formation: 211DKOT/217PRGR
MI-0200|WellData|FormationZone|Unknown formation: 211DKOT/217PRGR
MI-0201|WellData|FormationZone|Unknown formation: 211DKOT/217PRGR
MI-0203|WellData|FormationZone|Unknown formation: 211DKOT/217PRGR
MI-0204|WellData|FormationZone|Unknown formation: 211DKOT/217PRGR
MI-0205|WellData|FormationZone|Unknown formation: 211DKOT/217PRGR
MI-0206|WellData|FormationZone|Unknown formation: 211DKOT/217PRGR
MI-0207|WellData|FormationZone|Unknown formation: 211DKOT/217PRGR
MI-0208|WellData|FormationZone|Unknown formation: 211DKOT/217PRGR
MI-0209|WellData|FormationZone|Unknown formation: 211DKOT/217PRGR
MI-0210|WellData|FormationZone|Unknown formation: 211DKOT/217PRGR
MI-0211|WellData|FormationZone|Unknown formation: 211DKOT/217PRGR
MI-0218|WellData|FormationZone|Unknown formation: 231CHNL/110AVMB
MI-0222|WellData|FormationZone|Unknown formation: 211DKOT/217PRGR
MI-0223|WellData|FormationZone|Unknown formation: 211DKOT/217PRGR
MI-0225|WellData|FormationZone|Unknown formation: 211DKOT/217PRGR
MI-0226|WellData|FormationZone|Unknown formation: 211DKOT/217PRGR
MI-0227|WellData|FormationZone|Unknown formation: 211DKOT/217PRGR
MI-0229|WellData|FormationZone|Unknown formation: 211DKOT/217PRGR
MI-0230|WellData|FormationZone|Unknown formation: 211DKOT/217PRGR/110AVMB
MI-0238|WellData|FormationZone|Unknown formation: 211GRRG/211DKOT/217PRGR
MI-0240|WellData|FormationZone|Unknown formation: 211DKOT/217PRGR/220ENRD
MI-0243|WellData|FormationZone|Unknown formation: 211GRRS/211DKOT/217PRGR
MI-0244|WellData|FormationZone|Unknown formation: 211GRRS/211DKOT/217PRGR
MI-0245|WellData|FormationZone|Unknown formation: 211GRRS/211DKOT/217PRGR
MI-0247|WellData|FormationZone|Unknown formation: 211DKOT/217PRGR
MI-0248|WellData|FormationZone|Unknown formation: 211DKOT/217PRGR
MI-0252|WellData|FormationZone|Unknown formation: 211DKOT/217PRGR
MI-0253|WellData|FormationZone|Unknown formation: 211DKOT/217PRGR
MI-0254|WellData|FormationZone|Unknown formation: 211DKOT/217PRGR
MI-0256|WellData|FormationZone|Unknown formation: 211DKOT/217PRGR
MI-0281|WellData|FormationZone|Unknown formation: 211GRRS/211DKOT/217PRGR
MI-0282|WellData|FormationZone|Unknown formation: 211DKOT/217PRGR
MI-0283|WellData|FormationZone|Unknown formation: 211DKOT/217PRGR
MI-0285|WellData|FormationZone|Unknown formation: 211DKOT/217PRGR
MI-0286|WellData|FormationZone|Unknown formation: 211DKOT/217PRGR
MI-0289|WellData|FormationZone|Unknown formation: 211DKOT/217PRGR
MI-0290|WellData|FormationZone|Unknown formation: 211DKOT/217PRGR
MI-0293|WellData|FormationZone|Unknown formation: 110AVMB/326MGDL
NM-23639|WellData|FormationZone|Unknown formation: 110PTOD
NM-23662|WellData|FormationZone|Unknown formation: 110PTOD
NM-23664|WellData|FormationZone|Unknown formation: 110PTOD
NM-23665|WellData|FormationZone|Unknown formation: 110PTOD
NM-23666|WellData|FormationZone|Unknown formation: 110PTOD
NM-26869|WellData|FormationZone|Unknown formation: 123PICSu
NM-26870|WellData|FormationZone|Unknown formation: 122TSUQdx/123PICSu
NM-26872|WellData|FormationZone|Unknown formation: 123PICSu
NM-26873|WellData|FormationZone|Unknown formation: 123PICSmc
NM-26874|WellData|FormationZone|Unknown formation: 123PICSu
NM-26876|WellData|FormationZone|Unknown formation: 122TSUQdx/123PICSu
NM-26877|WellData|FormationZone|Unknown formation: 123PICSm
NM-26882|WellData|FormationZone|Unknown formation: 112SNTFA/112SNTFP
NM-26902|WellData|FormationZone|Unknown formation: 318ABO/325MDER
NM-26904|WellData|FormationZone|Unknown formation: 112SNTFT
NM-26922|WellData|FormationZone|Unknown formation: 112SNTFT
NM-26938|WellData|FormationZone|Unknown formation: 318ABO/325MDER
NM-26946|WellData|FormationZone|Unknown formation: 211MENFL
NM-26962|WellData|FormationZone|Unknown formation: 221MRSN[RCAP]
CX-0002|WellData|FormationZone|Unknown formation: 121OGLL/000EXRV
CX-0003|WellData|FormationZone|Unknown formation: 000EXRV/121OGLL
CX-0062|WellData|FormationZone|Unknown formation: 121OGLL/211DKOT
EB-001|WellData|FormationZone|Unknown formation: 112ANCH/123GLST
EB-002|WellData|FormationZone|Unknown formation: 112ANCH/120IRSV
EB-003|WellData|FormationZone|Unknown formation: 121TSUQa
EB-004|WellData|FormationZone|Unknown formation: 121TSUQa
EB-005|WellData|FormationZone|Unknown formation: 121TSUQa
EB-006|WellData|FormationZone|Unknown formation: 121TSUQsa
EB-007|WellData|FormationZone|Unknown formation: 112ANCH/123ESPN
EB-008|WellData|FormationZone|Unknown formation: 121TSUQs
EB-009|WellData|FormationZone|Unknown formation: 121TSUQs
EB-010|WellData|FormationZone|Unknown formation: 121TSUQa
EB-011|WellData|FormationZone|Unknown formation: 121TSUQs
EB-012|WellData|FormationZone|Unknown formation: 121TSUQs
EB-013|WellData|FormationZone|Unknown formation: 121TSUQs
EB-014|WellData|FormationZone|Unknown formation: 121TSUQs
EB-016|WellData|FormationZone|Unknown formation: 121TSUQs
EB-020|WellData|FormationZone|Unknown formation: 121TSUQe/123ESPN
EB-022|WellData|FormationZone|Unknown formation: 121TSUQa
EB-023|WellData|FormationZone|Unknown formation: 121TSUQs
EB-058|WellData|FormationZone|Unknown formation: 121TSUQs
EB-059|WellData|FormationZone|Unknown formation: 121TSUQs
EB-060|WellData|FormationZone|Unknown formation: 121TSUQs
EB-062|WellData|FormationZone|Unknown formation: 121TSUQs
EB-063|WellData|FormationZone|Unknown formation: 121TSUQs
EB-064|WellData|FormationZone|Unknown formation: 121TSUQsf
EB-065|WellData|FormationZone|Unknown formation: 121TSUQsf/121TSUQs
EB-066|WellData|FormationZone|Unknown formation: 121TSUQsf
EB-067|WellData|FormationZone|Unknown formation: 121TSUQsa
EB-069|WellData|FormationZone|Unknown formation: 121TSUQa
EB-070|WellData|FormationZone|Unknown formation: 121TSUQa
EB-071|WellData|FormationZone|Unknown formation: 121TSUQa
EB-077|WellData|FormationZone|Unknown formation: 121TSUQsf
EB-078|WellData|FormationZone|Unknown formation: 121TSUQs
EB-079|WellData|FormationZone|Unknown formation: 121TSUQsf
EB-080|WellData|FormationZone|Unknown formation: 121TSUQsf
EB-081|WellData|FormationZone|Unknown formation: 121TSUQsf
EB-082|WellData|FormationZone|Unknown formation: 121TSUQsf
EB-083|WellData|FormationZone|Unknown formation: 121TSUQsf
EB-084|WellData|FormationZone|Unknown formation: 121TSUQs
EB-085|WellData|FormationZone|Unknown formation: 121TSUQsf
EB-086|WellData|FormationZone|Unknown formation: 121TSUQsf
EB-087|WellData|FormationZone|Unknown formation: 121TSUQs
EB-089|WellData|FormationZone|Unknown formation: 121TSUQs
EB-090|WellData|FormationZone|Unknown formation: 121TSUQs
EB-091|WellData|FormationZone|Unknown formation: 121TSUQs
EB-092|WellData|FormationZone|Unknown formation: 121TSUQsf
EB-093|WellData|FormationZone|Unknown formation: 121TSUQs
EB-094|WellData|FormationZone|Unknown formation: 121TSUQs
EB-095|WellData|FormationZone|Unknown formation: 121TSUQsf
EB-096|WellData|FormationZone|Unknown formation: 121TSUQs
EB-097|WellData|FormationZone|Unknown formation: 121TSUQs
EB-098|WellData|FormationZone|Unknown formation: 121TSUQs
EB-099|WellData|FormationZone|Unknown formation: 121TSUQa
EB-100|WellData|FormationZone|Unknown formation: 121TSUQsf
EB-101|WellData|FormationZone|Unknown formation: 121TSUQsf
EB-104|WellData|FormationZone|Unknown formation: 121TSUQs
EB-105|WellData|FormationZone|Unknown formation: 121TSUQs/121TSUQsf
EB-107|WellData|FormationZone|Unknown formation: 121TSUQs
EB-108|WellData|FormationZone|Unknown formation: 121TSUQs
EB-109|WellData|FormationZone|Unknown formation: 121TSUQs
EB-110|WellData|FormationZone|Unknown formation: 121TSUQs
EB-111|WellData|FormationZone|Unknown formation: 121TSUQa
EB-112|WellData|FormationZone|Unknown formation: 121TSUQs
EB-113|WellData|FormationZone|Unknown formation: 121TSUQs
EB-114|WellData|FormationZone|Unknown formation: 121TSUQs
EB-115|WellData|FormationZone|Unknown formation: 121TSUQs
EB-116|WellData|FormationZone|Unknown formation: 121TSUQs
EB-117|WellData|FormationZone|Unknown formation: 121TSUQa
EB-119|WellData|FormationZone|Unknown formation: 121TSUQa
EB-120|WellData|FormationZone|Unknown formation: 121TSUQs
EB-121|WellData|FormationZone|Unknown formation: 121TSUQsf
EB-122|WellData|FormationZone|Unknown formation: 121TSUQs/121TSUQsf
EB-123|WellData|FormationZone|Unknown formation: 121TSUQs/121TSUQsa
EB-124|WellData|FormationZone|Unknown formation: 121TSUQs
EB-125|WellData|FormationZone|Unknown formation: 121TSUQs
EB-126|WellData|FormationZone|Unknown formation: 121TSUQs
EB-127|WellData|FormationZone|Unknown formation: 121TSUQs
EB-128|WellData|FormationZone|Unknown formation: 121TSUQa
EB-129|WellData|FormationZone|Unknown formation: 121TSUQs/112ANCH
EB-130|WellData|FormationZone|Unknown formation: 121TSUQs
EB-131|WellData|FormationZone|Unknown formation: 112ANCH/121TSUQs
EB-132|WellData|FormationZone|Unknown formation: 112ANCHsr
EB-133|WellData|FormationZone|Unknown formation: 112ANCHsr
EB-134|WellData|FormationZone|Unknown formation: 112ANCHsr
EB-135|WellData|FormationZone|Unknown formation: 112ANCHsr
EB-136|WellData|FormationZone|Unknown formation: 121TSUQsf
EB-137|WellData|FormationZone|Unknown formation: 121TSUQs
EB-138|WellData|FormationZone|Unknown formation: 121TSUQs
EB-140|WellData|FormationZone|Unknown formation: 121TSUQs
EB-141|WellData|FormationZone|Unknown formation: 121TSUQs
EB-142|WellData|FormationZone|Unknown formation: 121TSUQs
EB-143|WellData|FormationZone|Unknown formation: 121TSUQs
EB-144|WellData|FormationZone|Unknown formation: 121TSUQs
EB-145|WellData|FormationZone|Unknown formation: 121TSUQs
EB-146|WellData|FormationZone|Unknown formation: 121TSUQs
EB-147|WellData|FormationZone|Unknown formation: 121TSUQs
EB-148|WellData|FormationZone|Unknown formation: 121TSUQs
EB-149|WellData|FormationZone|Unknown formation: 121TSUQs
EB-150|WellData|FormationZone|Unknown formation: 121TSUQs
EB-151|WellData|FormationZone|Unknown formation: 121TSUQs
EB-152|WellData|FormationZone|Unknown formation: 121TSUQs
EB-153|WellData|FormationZone|Unknown formation: 121TSUQs
EB-154|WellData|FormationZone|Unknown formation: 121TSUQs
EB-155|WellData|FormationZone|Unknown formation: 121TSUQs
EB-156|WellData|FormationZone|Unknown formation: 121TSUQs
EB-157|WellData|FormationZone|Unknown formation: 121CHMTvs
EB-158|WellData|FormationZone|Unknown formation: 121TSUQacu/121TSUQsf
EB-159|WellData|FormationZone|Unknown formation: 121TSUQsf
EB-160|WellData|FormationZone|Unknown formation: 121TSUQsf
EB-161|WellData|FormationZone|Unknown formation: 121TSUQacuf
EB-162|WellData|FormationZone|Unknown formation: 121TSUQsf
EB-163|WellData|FormationZone|Unknown formation: 121TSUQacuf
EB-164|WellData|FormationZone|Unknown formation: 121TSUQs
EB-165|WellData|FormationZone|Unknown formation: 121TSUQsf
EB-166|WellData|FormationZone|Unknown formation: 121TSUQs
EB-167|WellData|FormationZone|Unknown formation: 121TSUQs
EB-168|WellData|FormationZone|Unknown formation: 121TSUQs
EB-169|WellData|FormationZone|Unknown formation: 121TSUQs
EB-170|WellData|FormationZone|Unknown formation: 121TSUQs
EB-171|WellData|FormationZone|Unknown formation: 121TSUQs
EB-172|WellData|FormationZone|Unknown formation: 121TSUQs
EB-173|WellData|FormationZone|Unknown formation: 121TSUQs
EB-174|WellData|FormationZone|Unknown formation: 121TSUQs
EB-175|WellData|FormationZone|Unknown formation: 121TSUQs
EB-176|WellData|FormationZone|Unknown formation: 121TSUQs
EB-177|WellData|FormationZone|Unknown formation: 121TSUQs
EB-178|WellData|FormationZone|Unknown formation: 121TSUQsf
EB-179|WellData|FormationZone|Unknown formation: 121TSUQs
EB-180|WellData|FormationZone|Unknown formation: 121TSUQs
EB-181|WellData|FormationZone|Unknown formation: 121TSUQs
EB-182|WellData|FormationZone|Unknown formation: 121TSUQs
EB-183|WellData|FormationZone|Unknown formation: 121TSUQa
EB-184|WellData|FormationZone|Unknown formation: 121TSUQs
EB-185|WellData|FormationZone|Unknown formation: 121TSUQs
EB-186|WellData|FormationZone|Unknown formation: 121TSUQs
EB-187|WellData|FormationZone|Unknown formation: 110ALVM/121TSUQs
EB-188|WellData|FormationZone|Unknown formation: 121TSUQsa
EB-189|WellData|FormationZone|Unknown formation: 121TSUQa
EB-190|WellData|FormationZone|Unknown formation: 121TSUQa
EB-191|WellData|FormationZone|Unknown formation: 110ALVM/121TSUQs
EB-192|WellData|FormationZone|Unknown formation: 110ALVM/121TSUQs
EB-193|WellData|FormationZone|Unknown formation: 121TSUQsa
EB-194|WellData|FormationZone|Unknown formation: 121TSUQs
EB-195|WellData|FormationZone|Unknown formation: 121TSUQsa
EB-196|WellData|FormationZone|Unknown formation: 121TSUQa
EB-197|WellData|FormationZone|Unknown formation: 110ALVM/121TSUQs
EB-198|WellData|FormationZone|Unknown formation: 121TSUQs
EB-199|WellData|FormationZone|Unknown formation: 121TSUQs
EB-200|WellData|FormationZone|Unknown formation: 121TSUQa
EB-201|WellData|FormationZone|Unknown formation: 112ANCH/123ESPN
EB-204|WellData|FormationZone|Unknown formation: 112ANCH/123ESPN
EB-207|WellData|FormationZone|Unknown formation: 121TSUQs
EB-208|WellData|FormationZone|Unknown formation: 121TSUQs
EB-216|WellData|FormationZone|Unknown formation: 112ANCH/121TSUQ
EB-217|WellData|FormationZone|Unknown formation: 112ANCH/121TSUQa
EB-218|WellData|FormationZone|Unknown formation: 121TSUQs
EB-219|WellData|FormationZone|Unknown formation: 121TSUQs
EB-221|WellData|FormationZone|Unknown formation: 112ANCH/121TSUQs
EB-222|WellData|FormationZone|Unknown formation: 112ANCH/121TSUQs
EB-224|WellData|FormationZone|Unknown formation: 121TSUQsa
EB-225|WellData|FormationZone|Unknown formation: 121TSUQs
EB-226|WellData|FormationZone|Unknown formation: 121TSUQs
EB-227|WellData|FormationZone|Unknown formation: 121TSUQs
EB-228|WellData|FormationZone|Unknown formation: 112ANCHsr
EB-229|WellData|FormationZone|Unknown formation: 121TSUQs
EB-232|WellData|FormationZone|Unknown formation: 121TSUQsa
EB-233|WellData|FormationZone|Unknown formation: 121TSUQs
EB-236|WellData|FormationZone|Unknown formation: 121TSUQs
EB-237|WellData|FormationZone|Unknown formation: 121TSUQs
EB-238|WellData|FormationZone|Unknown formation: 121TSUQs
EB-239|WellData|FormationZone|Unknown formation: 121TSUQs
EB-240|WellData|FormationZone|Unknown formation: 121TSUQs
EB-241|WellData|FormationZone|Unknown formation: 121TSUQs
EB-242|WellData|FormationZone|Unknown formation: 121TSUQs
EB-243|WellData|FormationZone|Unknown formation: 121TSUQs
EB-244|WellData|FormationZone|Unknown formation: 121TSUQsf
EB-245|WellData|FormationZone|Unknown formation: 121TSUQs
EB-246|WellData|FormationZone|Unknown formation: 121TSUQs
EB-247|WellData|FormationZone|Unknown formation: 121TSUQs
EB-248|WellData|FormationZone|Unknown formation: 121TSUQsa
EB-249|WellData|FormationZone|Unknown formation: 121TSUQs
EB-250|WellData|FormationZone|Unknown formation: 121TSUQs
EB-251|WellData|FormationZone|Unknown formation: 121TSUQa
EB-252|WellData|FormationZone|Unknown formation: 121TSUQa
EB-253|WellData|FormationZone|Unknown formation: 121TSUQs
EB-254|WellData|FormationZone|Unknown formation: 121TSUQa
EB-255|WellData|FormationZone|Unknown formation: 121TSUQa
EB-256|WellData|FormationZone|Unknown formation: 121TSUQa
EB-257|WellData|FormationZone|Unknown formation: 121TSUQa
EB-258|WellData|FormationZone|Unknown formation: 121TSUQa
EB-259|WellData|FormationZone|Unknown formation: 121TSUQa
EB-260|WellData|FormationZone|Unknown formation: 121CHMTv
EB-261|WellData|FormationZone|Unknown formation: 110ALVM/121CHMTv
EB-262|WellData|FormationZone|Unknown formation: 121CHMTv
EB-263|WellData|FormationZone|Unknown formation: 121CHMTv
EB-264|WellData|FormationZone|Unknown formation: 110ALVM/121CHMTv
EB-265|WellData|FormationZone|Unknown formation: 121CHMTv
EB-266|WellData|FormationZone|Unknown formation: 121CHMTv
EB-267|WellData|FormationZone|Unknown formation: 110ALVM/121CHMTv
EB-268|WellData|FormationZone|Unknown formation: 121CHMTv
EB-269|WellData|FormationZone|Unknown formation: 121CHMTv
EB-270|WellData|FormationZone|Unknown formation: 121CHMTv
EB-271|WellData|FormationZone|Unknown formation: 121TSUQa
EB-272|WellData|FormationZone|Unknown formation: 121TSUQs
EB-273|WellData|FormationZone|Unknown formation: 121TSUQsf
EB-274|WellData|FormationZone|Unknown formation: 121TSUQs
EB-275|WellData|FormationZone|Unknown formation: 121TSUQs
EB-276|WellData|FormationZone|Unknown formation: 121TSUQs
EB-277|WellData|FormationZone|Unknown formation: 121TSUQs
EB-278|WellData|FormationZone|Unknown formation: 121TSUQs
EB-279|WellData|FormationZone|Unknown formation: 121TSUQs
EB-280|WellData|FormationZone|Unknown formation: 121TSUQs
EB-281|WellData|FormationZone|Unknown formation: 121TSUQs
EB-282|WellData|FormationZone|Unknown formation: 121TSUQs
EB-283|WellData|FormationZone|Unknown formation: 121TSUQs
EB-284|WellData|FormationZone|Unknown formation: 121TSUQs
EB-285|WellData|FormationZone|Unknown formation: 121TSUQsf/121TSUQs
EB-286|WellData|FormationZone|Unknown formation: 121TSUQs/121TSUQsf
EB-287|WellData|FormationZone|Unknown formation: 121TSUQs/121TSUQsf
EB-288|WellData|FormationZone|Unknown formation: 121TSUQce/121TSUQb
EB-289|WellData|FormationZone|Unknown formation: 121TSUQs/121TSUQsf
EB-290|WellData|FormationZone|Unknown formation: 121TSUQsf
EB-291|WellData|FormationZone|Unknown formation: 121TSUQsf
EB-292|WellData|FormationZone|Unknown formation: 121TSUQsf
EB-293|WellData|FormationZone|Unknown formation: 121TSUQs
EB-294|WellData|FormationZone|Unknown formation: 121TSUQs
EB-295|WellData|FormationZone|Unknown formation: 121TSUQsf
EB-296|WellData|FormationZone|Unknown formation: 121TSUQsf
EB-297|WellData|FormationZone|Unknown formation: 121TSUQs
EB-298|WellData|FormationZone|Unknown formation: 121TSUQb
EB-299|WellData|FormationZone|Unknown formation: 121TSUQb
EB-300|WellData|FormationZone|Unknown formation: 121TSUQacuf
EB-307|WellData|FormationZone|Unknown formation: 120IRSV/121TSUQe
EB-308|WellData|FormationZone|Unknown formation: 120IRSV/112ANCH
EB-309|WellData|FormationZone|Unknown formation: 121TSUQs
EB-310|WellData|FormationZone|Unknown formation: 112ANCH/121TSUQs
EB-311|WellData|FormationZone|Unknown formation: 112ANCH/121TSUQe
EB-313|WellData|FormationZone|Unknown formation: 112ANCH/121TSUQ
EB-315|WellData|FormationZone|Unknown formation: 112ANCH/121TSUQ
EB-317|WellData|FormationZone|Unknown formation: 121TSUQs
EB-318|WellData|FormationZone|Unknown formation: 121TSUQs
EB-319|WellData|FormationZone|Unknown formation: 121TSUQs
EB-320|WellData|FormationZone|Unknown formation: 121TSUQs
EB-321|WellData|FormationZone|Unknown formation: 112ANCH/121TSUQs
EB-322|WellData|FormationZone|Unknown formation: 121TSUQs
EB-324|WellData|FormationZone|Unknown formation: 121TSUQs
EB-325|WellData|FormationZone|Unknown formation: 121TSUQs
EB-326|WellData|FormationZone|Unknown formation: 121TSUQs
EB-327|WellData|FormationZone|Unknown formation: 121TSUQs
EB-328|WellData|FormationZone|Unknown formation: 121TSUQs
EB-329|WellData|FormationZone|Unknown formation: 121TSUQs
EB-331|WellData|FormationZone|Unknown formation: 112ANCH/120IRSV
EB-336|WellData|FormationZone|Unknown formation: 121TSUQs
EB-337|WellData|FormationZone|Unknown formation: 121TSUQs
EB-338|WellData|FormationZone|Unknown formation: 121TSUQs
EB-348|WellData|FormationZone|Unknown formation: 112ANCH/123ESPN
EB-354|WellData|FormationZone|Unknown formation: 121TSUQs
EB-355|WellData|FormationZone|Unknown formation: 121TSUQs
EB-356|WellData|FormationZone|Unknown formation: 121TSUQs
EB-357|WellData|FormationZone|Unknown formation: 121TSUQs
EB-358|WellData|FormationZone|Unknown formation: 121TSUQs
EB-359|WellData|FormationZone|Unknown formation: 121TSUQs
EB-360|WellData|FormationZone|Unknown formation: 121TSUQsa
EB-361|WellData|FormationZone|Unknown formation: 121TSUQs
EB-364|WellData|FormationZone|Unknown formation: 121TSUQs
EB-367|WellData|FormationZone|Unknown formation: 121TSUQs
EB-368|WellData|FormationZone|Unknown formation: 121TSUQs
EB-369|WellData|FormationZone|Unknown formation: 121TSUQs
EB-370|WellData|FormationZone|Unknown formation: 112ANCHsr
EB-371|WellData|FormationZone|Unknown formation: 121TSUQs/400EMBD
EB-372|WellData|FormationZone|Unknown formation: 121TSUQs
EB-373|WellData|FormationZone|Unknown formation: 121TSUQs
EB-374|WellData|FormationZone|Unknown formation: 112ANCH/123ESPN
EB-375|WellData|FormationZone|Unknown formation: 121TSUQa
EB-376|WellData|FormationZone|Unknown formation: 121TSUQa
EB-379|WellData|FormationZone|Unknown formation: 112ANCH/121TSUQe
EB-380|WellData|FormationZone|Unknown formation: 112ANCH/121TSUQe
EB-382|WellData|FormationZone|Unknown formation: 121TSUQs
EB-385|WellData|FormationZone|Unknown formation: 112ANCH/121TSUQe
EB-386|WellData|FormationZone|Unknown formation: 121TSUQsa
EB-391|WellData|FormationZone|Unknown formation: 121TSUQs
EB-392|WellData|FormationZone|Unknown formation: 112ANCH/121TSUQ
EB-393|WellData|FormationZone|Unknown formation: 112ANCH/123ESPN
EB-397|WellData|FormationZone|Unknown formation: 112ANCH/123ESPN
EB-399|WellData|FormationZone|Unknown formation: 112ANCH/123ESPN
EB-400|WellData|FormationZone|Unknown formation: 123ESPN/112ANCH
EB-406|WellData|FormationZone|Unknown formation: 121TSUQs
EB-407|WellData|FormationZone|Unknown formation: 121TSUQs
EB-408|WellData|FormationZone|Unknown formation: 121TSUQs
EB-409|WellData|FormationZone|Unknown formation: 121TSUQs
EB-410|WellData|FormationZone|Unknown formation: 121TSUQs
EB-415|WellData|FormationZone|Unknown formation: 121TSUQs
EB-416|WellData|FormationZone|Unknown formation: 121TSUQacuf
EB-417|WellData|FormationZone|Unknown formation: 121TSUQa
EB-418|WellData|FormationZone|Unknown formation: 112ANCH/121TSUQa
EB-419|WellData|FormationZone|Unknown formation: 121TSUQae
EB-422|WellData|FormationZone|Unknown formation: 121TSUQa/112ANCH
EB-423|WellData|FormationZone|Unknown formation: 121TSUQa/123ESPN
EB-426|WellData|FormationZone|Unknown formation: 121TSUQa/112ANCH
EB-427|WellData|FormationZone|Unknown formation: 121TSUQa
EB-429|WellData|FormationZone|Unknown formation: 121TSUQs
EB-430|WellData|FormationZone|Unknown formation: 121TSUQa
EB-432|WellData|FormationZone|Unknown formation: 121TSUQae
EB-434|WellData|FormationZone|Unknown formation: 121TSUQs
EB-436|WellData|FormationZone|Unknown formation: 121TSUQa/112ANCH
EB-437|WellData|FormationZone|Unknown formation: 121TSUQae
EB-442|WellData|FormationZone|Unknown formation: 121TSUQe
EB-451|WellData|FormationZone|Unknown formation: 121TSUQae
EB-455|WellData|FormationZone|Unknown formation: 121TSUQs
EB-456|WellData|FormationZone|Unknown formation: 112ANCH/231CHNL
EB-459|WellData|FormationZone|Unknown formation: 121TSUQs
EB-460|WellData|FormationZone|Unknown formation: 112ANCHsr
EB-461|WellData|FormationZone|Unknown formation: 318ABO/325MDER
EB-463|WellData|FormationZone|Unknown formation: 121TSUQa
EB-464|WellData|FormationZone|Unknown formation: 121TSUQs
EB-465|WellData|FormationZone|Unknown formation: 123ESPN/112ANCH
EB-466|WellData|FormationZone|Unknown formation: 121TSUQsf
EB-467|WellData|FormationZone|Unknown formation: 121TSUQs
EB-470|WellData|FormationZone|Unknown formation: 121TSUQsa
EB-471|WellData|FormationZone|Unknown formation: 325MDER/400EMBD
EB-472|WellData|FormationZone|Unknown formation: 121TSUQs
EB-473|WellData|FormationZone|Unknown formation: 121TSUQs
EB-474|WellData|FormationZone|Unknown formation: 121TSUQs
EB-475|WellData|FormationZone|Unknown formation: 121TSUQs
EB-476|WellData|FormationZone|Unknown formation: 121TSUQs
EB-477|WellData|FormationZone|Unknown formation: 121TSUQs
EB-478|WellData|FormationZone|Unknown formation: 121CHMTv
EB-479|WellData|FormationZone|Unknown formation: 121CHMTv
EB-480|WellData|FormationZone|Unknown formation: 121CHMTv
EB-481|WellData|FormationZone|Unknown formation: 121CHMTv
EB-482|WellData|FormationZone|Unknown formation: 121TSUQacuf
EB-483|WellData|FormationZone|Unknown formation: 121TSUQacuf/121TSUQce
EB-484|WellData|FormationZone|Unknown formation: 121CHMTv
EB-485|WellData|FormationZone|Unknown formation: 121CHMTv
EB-486|WellData|FormationZone|Unknown formation: 121TSUQacuf/121TSUQce
EB-487|WellData|FormationZone|Unknown formation: 121TSUQsa
EB-488|WellData|FormationZone|Unknown formation: 121TSUQsf/121TSUQacu
EB-489|WellData|FormationZone|Unknown formation: 121TSUQacu/121TSUQsf
EB-490|WellData|FormationZone|Unknown formation: 121TSUQsf
EB-505|WellData|FormationZone|Unknown formation: 121TSUQs
EB-506|WellData|FormationZone|Unknown formation: 121TSUQa
EB-507|WellData|FormationZone|Unknown formation: 121TSUQs
EB-508|WellData|FormationZone|Unknown formation: 121TSUQs
EB-512|WellData|FormationZone|Unknown formation: 121TSUQs
EB-513|WellData|FormationZone|Unknown formation: 121TSUQs
EB-514|WellData|FormationZone|Unknown formation: 121TSUQa
EB-515|WellData|FormationZone|Unknown formation: 121TSUQs
EB-516|WellData|FormationZone|Unknown formation: 121TSUQs
EB-518|WellData|FormationZone|Unknown formation: 121TSUQa
EB-519|WellData|FormationZone|Unknown formation: 121TSUQa
EB-520|WellData|FormationZone|Unknown formation: 121TSUQa
EB-522|WellData|FormationZone|Unknown formation: 121TSUQsf
EB-523|WellData|FormationZone|Unknown formation: 121TSUQa
EB-525|WellData|FormationZone|Unknown formation: 121TSUQs
EB-528|WellData|FormationZone|Unknown formation: 121TSUQs
EB-529|WellData|FormationZone|Unknown formation: 121TSUQs
EB-530|WellData|FormationZone|Unknown formation: 121TSUQs
EB-531|WellData|FormationZone|Unknown formation: 121TSUQa
EB-534|WellData|FormationZone|Unknown formation: 110ALVM/210CRCS
EB-535|WellData|FormationZone|Unknown formation: 121TSUQs
EB-537|WellData|FormationZone|Unknown formation: 121TSUQs
EB-538|WellData|FormationZone|Unknown formation: 121TSUQa
EB-539|WellData|FormationZone|Unknown formation: 112ANCH/121TSUQ
EB-540|WellData|FormationZone|Unknown formation: 121TSUQa
EB-541|WellData|FormationZone|Unknown formation: 121TSUQs
EB-542|WellData|FormationZone|Unknown formation: 121TSUQs
EB-543|WellData|FormationZone|Unknown formation: 121TSUQbfl
EB-544|WellData|FormationZone|Unknown formation: 121TSUQs
EB-545|WellData|FormationZone|Unknown formation: 121TSUQs
EB-546|WellData|FormationZone|Unknown formation: 121TSUQs
EB-547|WellData|FormationZone|Unknown formation: 121TSUQs
EB-548|WellData|FormationZone|Unknown formation: 121TSUQs
EB-549|WellData|FormationZone|Unknown formation: 123ESPN/400EMBD
EB-550|WellData|FormationZone|Unknown formation: 121TSUQs
EB-551|WellData|FormationZone|Unknown formation: 121TSUQs
EB-552|WellData|FormationZone|Unknown formation: 121TSUQs
EB-553|WellData|FormationZone|Unknown formation: 121TSUQs
EB-554|WellData|FormationZone|Unknown formation: 121TSUQs
EB-555|WellData|FormationZone|Unknown formation: 121TSUQs
EB-556|WellData|FormationZone|Unknown formation: 121TSUQs
EB-557|WellData|FormationZone|Unknown formation: 121TSUQs
EB-558|WellData|FormationZone|Unknown formation: 121TSUQs
EB-559|WellData|FormationZone|Unknown formation: 121TSUQs
EB-560|WellData|FormationZone|Unknown formation: 121TSUQs
EB-561|WellData|FormationZone|Unknown formation: 121TSUQs
EB-562|WellData|FormationZone|Unknown formation: 121TSUQs
EB-563|WellData|FormationZone|Unknown formation: 121TSUQa
EB-564|WellData|FormationZone|Unknown formation: 121TSUQa
EB-565|WellData|FormationZone|Unknown formation: 121TSUQa
EB-566|WellData|FormationZone|Unknown formation: 121TSUQa
EB-567|WellData|FormationZone|Unknown formation: 121TSUQa
EB-568|WellData|FormationZone|Unknown formation: 121TSUQa
EB-569|WellData|FormationZone|Unknown formation: 121TSUQs
EB-570|WellData|FormationZone|Unknown formation: 121TSUQa
EB-572|WellData|FormationZone|Unknown formation: 121TSUQa
EB-573|WellData|FormationZone|Unknown formation: 121TSUQs
EB-574|WellData|FormationZone|Unknown formation: 112ANCH/123ESPN
EB-575|WellData|FormationZone|Unknown formation: 121TSUQa
EB-576|WellData|FormationZone|Unknown formation: 121TSUQa
EB-578|WellData|FormationZone|Unknown formation: 121TSUQs
EB-579|WellData|FormationZone|Unknown formation: 121TSUQs
EB-582|WellData|FormationZone|Unknown formation: 121TSUQs
EB-583|WellData|FormationZone|Unknown formation: 121TSUQs
EB-584|WellData|FormationZone|Unknown formation: 121TSUQs
EB-585|WellData|FormationZone|Unknown formation: 121TSUQs
EB-586|WellData|FormationZone|Unknown formation: 121TSUQs
EB-587|WellData|FormationZone|Unknown formation: 121TSUQs
EB-588|WellData|FormationZone|Unknown formation: 121TSUQs
EB-589|WellData|FormationZone|Unknown formation: 121TSUQs
EB-590|WellData|FormationZone|Unknown formation: 121TSUQs
EB-591|WellData|FormationZone|Unknown formation: 121TSUQs
EB-592|WellData|FormationZone|Unknown formation: 121TSUQs
EB-593|WellData|FormationZone|Unknown formation: 121TSUQs
EB-596|WellData|FormationZone|Unknown formation: 121TSUQs
EB-597|WellData|FormationZone|Unknown formation: 121TSUQsf
EB-598|WellData|FormationZone|Unknown formation: 121TSUQs
EB-599|WellData|FormationZone|Unknown formation: 121TSUQs
EB-600|WellData|FormationZone|Unknown formation: 121TSUQs
EB-601|WellData|FormationZone|Unknown formation: 121TSUQs
EB-602|WellData|FormationZone|Unknown formation: 121TSUQs
EB-603|WellData|FormationZone|Unknown formation: 121TSUQs
EB-604|WellData|FormationZone|Unknown formation: 121TSUQs
EB-606|WellData|FormationZone|Unknown formation: 121TSUQae
EB-607|WellData|FormationZone|Unknown formation: 112ANCH/121TSUQa
EB-608|WellData|FormationZone|Unknown formation: 121TSUQs
EB-609|WellData|FormationZone|Unknown formation: 121TSUQsf
EB-610|WellData|FormationZone|Unknown formation: 121TSUQsf
EB-611|WellData|FormationZone|Unknown formation: 121TSUQsf
EB-615|WellData|FormationZone|Unknown formation: 121TSUQs
EB-617|WellData|FormationZone|Unknown formation: 121TSUQs
EB-619|WellData|FormationZone|Unknown formation: 121TSUQs
EB-625|WellData|FormationZone|Unknown formation: 121TSUQb
EB-626|WellData|FormationZone|Unknown formation: 121TSUQsf
EB-627|WellData|FormationZone|Unknown formation: 121TSUQsa
EB-628|WellData|FormationZone|Unknown formation: 121TSUQacu
EB-629|WellData|FormationZone|Unknown formation: 121TSUQsf
EB-630|WellData|FormationZone|Unknown formation: 121TSUQsf
EB-631|WellData|FormationZone|Unknown formation: 121TSUQsf
EB-632|WellData|FormationZone|Unknown formation: 121TSUQsf
EB-633|WellData|FormationZone|Unknown formation: 121TSUQsf
EB-634|WellData|FormationZone|Unknown formation: 121TSUQsf
EB-635|WellData|FormationZone|Unknown formation: 121TSUQa
EB-636|WellData|FormationZone|Unknown formation: 121TSUQsf
EB-637|WellData|FormationZone|Unknown formation: 121TSUQsf
EB-638|WellData|FormationZone|Unknown formation: 121TSUQsf
EB-639|WellData|FormationZone|Unknown formation: 121TSUQsf
EB-640|WellData|FormationZone|Unknown formation: 112ANCH/123GLST
EB-641|WellData|FormationZone|Unknown formation: 121TSUQs
EB-642|WellData|FormationZone|Unknown formation: 121TSUQsf
EB-643|WellData|FormationZone|Unknown formation: 121TSUQs
EB-645|WellData|FormationZone|Unknown formation: 121TSUQs
EB-646|WellData|FormationZone|Unknown formation: 121TSUQs
EB-649|WellData|FormationZone|Unknown formation: 121TSUQa
EB-650|WellData|FormationZone|Unknown formation: 121TSUQa
EB-651|WellData|FormationZone|Unknown formation: 121TSUQa
EB-655|WellData|FormationZone|Unknown formation: 121TSUQs
EB-658|WellData|FormationZone|Unknown formation: 121TSUQs
EB-659|WellData|FormationZone|Unknown formation: 121TSUQs
EB-660|WellData|FormationZone|Unknown formation: 121TSUQs
EB-661|WellData|FormationZone|Unknown formation: 121TSUQs
EB-662|WellData|FormationZone|Unknown formation: 121TSUQs
EB-663|WellData|FormationZone|Unknown formation: 121TSUQs
EB-664|WellData|FormationZone|Unknown formation: 121TSUQs
EB-665|WellData|FormationZone|Unknown formation: 121TSUQs
EB-666|WellData|FormationZone|Unknown formation: 121TSUQs
EB-667|WellData|FormationZone|Unknown formation: 121TSUQs
EB-668|WellData|FormationZone|Unknown formation: 121TSUQs
EB-671|WellData|FormationZone|Unknown formation: 121TSUQs
EB-672|WellData|FormationZone|Unknown formation: 121TSUQs
EB-673|WellData|FormationZone|Unknown formation: 121TSUQs
EB-674|WellData|FormationZone|Unknown formation: 121TSUQa/400EMBD
EB-675|WellData|FormationZone|Unknown formation: 121TSUQae
EB-677|WellData|FormationZone|Unknown formation: 112ANCH/325SAND
EB-687|WellData|FormationZone|Unknown formation: 121TSUQs
EB-688|WellData|FormationZone|Unknown formation: 121TSUQs
EB-689|WellData|FormationZone|Unknown formation: 121TSUQs
EB-691|WellData|FormationZone|Unknown formation: 112ANCH/120IRSV
ED-0088|WellData|FormationZone|Unknown formation: 110ALVM/313CKBF
ED-0181|WellData|FormationZone|Unknown formation: 312CSTL/312RSLR/313CLBD
ED-0182|WellData|FormationZone|Unknown formation: 312CSTL/312RSLR
ED-0186|WellData|FormationZone|Unknown formation: 312CSTL/312RSLR/313CLBD
ED-0196|WellData|FormationZone|Unknown formation: 313CLBD/312RSLR
ED-0198|WellData|FormationZone|Unknown formation: 313CLBD/312RSLR
ED-0199|WellData|FormationZone|Unknown formation: 313CLBD/312RSLR
ED-0202|WellData|FormationZone|Unknown formation: 110ALVM/313CLBD
ED-0209|WellData|FormationZone|Unknown formation: 110ALVM/312RSLR
ED-0235|WellData|FormationZone|Unknown formation: 110ALVM/312RSLR
ED-0247|WellData|FormationZone|Unknown formation: 110ALVM/312RSLR
ED-0309|WellData|FormationZone|Unknown formation: 110ALVM/312RSLR
ED-0337|WellData|FormationZone|Unknown formation: 312CSTL/312RSLR
ED-0352|WellData|FormationZone|Unknown formation: 312CSTL/312RSLR
ED-0354|WellData|FormationZone|Unknown formation: 312CSTL/312RSLR/110ALVM

WellScreen|3714|1578|1568|0.6337135614702154
PointID|Table|Field|Error
EB-029|WellScreens|UnknownField|Validation Error: [{'type': 'float_type', 'loc': ('screen_depth_bottom',), 'msg': 'Input should be a valid number', 'input': None, 'url': 'https://errors.pydantic.dev/2.11/v/float_type'}]
AR-0061|WellScreens|UnknownField|Validation Error: [{'type': 'greater_than', 'loc': ('screen_depth_top',), 'msg': 'Input should be greater than 0', 'input': 0.0, 'ctx': {'gt': 0.0}, 'url': 'https://errors.pydantic.dev/2.11/v/greater_than'}]
NM-27235|WellScreens|UnknownField|Validation Error: [{'type': 'value_error', 'loc': (), 'msg': 'Value error, screen_depth_bottom must be greater than screen_depth_top', 'input': {'thing_id': 4404, 'screen_depth_top': 785.0, 'screen_depth_bottom': 705.0, 'screen_description': None, 'release_status': 'draft', 'nma_pk_wellscreens': 'AC021C70-C74E-4018-BF1D-71EC2C622DD3'}, 'ctx': {'error': ValueError('screen_depth_bottom must be greater than screen_depth_top')}, 'url': 'https://errors.pydantic.dev/2.11/v/value_error'}]
EB-394|WellScreens|UnknownField|Validation Error: [{'type': 'float_type', 'loc': ('screen_depth_bottom',), 'msg': 'Input should be a valid number', 'input': None, 'url': 'https://errors.pydantic.dev/2.11/v/float_type'}]
AR-0067|WellScreens|UnknownField|Validation Error: [{'type': 'greater_than', 'loc': ('screen_depth_top',), 'msg': 'Input should be greater than 0', 'input': 0.0, 'ctx': {'gt': 0.0}, 'url': 'https://errors.pydantic.dev/2.11/v/greater_than'}]
EB-394|WellScreens|UnknownField|Validation Error: [{'type': 'float_type', 'loc': ('screen_depth_bottom',), 'msg': 'Input should be a valid number', 'input': None, 'url': 'https://errors.pydantic.dev/2.11/v/float_type'}]
NM-00253|WellScreens|UnknownField|Validation Error: [{'type': 'greater_than', 'loc': ('screen_depth_top',), 'msg': 'Input should be greater than 0', 'input': 0.0, 'ctx': {'gt': 0.0}, 'url': 'https://errors.pydantic.dev/2.11/v/greater_than'}]
NM-02481|WellScreens|UnknownField|Validation Error: [{'type': 'greater_than', 'loc': ('screen_depth_top',), 'msg': 'Input should be greater than 0', 'input': 0.0, 'ctx': {'gt': 0.0}, 'url': 'https://errors.pydantic.dev/2.11/v/greater_than'}]
EB-096|WellScreens|UnknownField|Validation Error: [{'type': 'value_error', 'loc': (), 'msg': 'Value error, screen_depth_bottom must be greater than screen_depth_top', 'input': {'thing_id': 898, 'screen_depth_top': 492.0, 'screen_depth_bottom': 477.0, 'screen_description': None, 'release_status': 'draft', 'nma_pk_wellscreens': 'E5DCC05B-29F6-469B-8CA2-CF8443833CC1'}, 'ctx': {'error': ValueError('screen_depth_bottom must be greater than screen_depth_top')}, 'url': 'https://errors.pydantic.dev/2.11/v/value_error'}]
HS-063|WellScreens|UnknownField|Validation Error: [{'type': 'greater_than', 'loc': ('screen_depth_top',), 'msg': 'Input should be greater than 0', 'input': 0.0, 'ctx': {'gt': 0.0}, 'url': 'https://errors.pydantic.dev/2.11/v/greater_than'}]

ThingGeologicFormationAssociation|4377|1874|524|72.03842049092849
PointID|Table|Field|Error
AR-0209|||Missing UnitIdentifier

NMA_Stratigraphy|4377|1874|1874|0.0
PointID|Table|Field|Error

AssociatedData|43|43|0|100.0
PointID|Table|Field|Error

Group|57|57|57|0.0
PointID|Table|Field|Error

SurfaceWaterPhotos|694|694|694|0.0
PointID|Table|Field|Error

Soil_Rock_Results|19|19|0|100.0
PointID|Table|Field|Error

NMA_SurfaceWaterData|1100|1100|0|100.0
PointID|Table|Field|Error

HydraulicsData|288|283|283|0.0
PointID|Table|Field|Error

Chemistry_SampleInfo|11442|6633|6633|0.0
PointID|Table|Field|Error

MinorTraceChemistry|108361|54753|54753|0.0
PointID|Table|Field|Error

Sensor|981|237|119|49.789029535864984
PointID|Table|Field|Error
BC-0166|Equipment|RecordingInterval|Estimated recording interval=11 hour. Is this correct?
CZ-0003|Equipment|RecordingInterval|name=1067, row.SerialNo=1JY314D6/36513VZ6. error=Could not estimate recording interval. estimator error: No measurements found for PointID: CZ-0003
EB-220|Equipment|RecordingInterval|Estimated recording interval=12 hour. Is this correct?
EB-220|Equipment|RecordingInterval|Estimated recording interval=12 hour. Is this correct?
EB-220|Equipment|RecordingInterval|Estimated recording interval=12 hour. Is this correct?
HS-019|Equipment|RecordingInterval|Estimated recording interval=0 second. Is this correct?
HS-037|Equipment|RecordingInterval|Estimated recording interval=3 hour. Is this correct?
HS-038|Equipment|RecordingInterval|Estimated recording interval=12 hour. Is this correct?
HS-038|Equipment|RecordingInterval|Estimated recording interval=12 hour. Is this correct?
MG-038|Equipment|RecordingInterval|Estimated recording interval=12 hour. Is this correct?
NM-26614|Equipment|RecordingInterval|Estimated recording interval=12 hour. Is this correct?

